MovieName,Director,Music Director,Genre,Cast,Review,Censorship,Month
Darbar (U/A),Murugadoss A.r.,Anirudh Ravichander,Action,"Cast: Rajinikanth , Nayantara , Sunil Shetty, Prateik Babbar, Jatin Sarna, Nivetha Thomas, Dalip Tahil 
                                 Drama",56%,(U/A),Jan
Pattas (U),Durai Senthilkumar R.s,Vivek - Mervin,Action,"Cast: Dhanush , Mehreen Pirzada, Naveen Chandra, Sneha , Nassar , Sathish",53%,(U),Jan
Rajavukku Check (U/A),Sai Rajkumar,Vinod Yajamanya,Action,"Cast: Cheran , Srushti Dange, Sarayu",50%,(U/A),Jan
Psycho (A),Myshkin,Ilaiyaraja,Thriller,"Cast: Udhayanidhi Stalin, Aditi Rao Hydari, Nithya Menen, Ram , Shaji Chen, Singampuli, Aadukalam Naren",60%,(A),Jan
Taana (U),Yuvaraj Subramani,Vishal Chandrasekhar,Comedy,"Cast: Vaibhav Reddy, Yogi Babu, Nandita Das, Pandiarajan",39%,(U),Jan
Dagaalty (U/A),Vijay Anand,Vijay Narain,Comedy,"Cast: Santhanam , Yogi Babu, Rittika Sen, Radha Ravi , Tarun Arora, Santhana Bharathi, Mano Bala 
                                 Drama",38%,(U/A),Jan
Naadodigal 2 (U/A),Samudirakanni,Justin Prabhakaran,Drama,"Casr: Sasikumar,",48%,(U/A),Jan
Vaanam Kottattum (U),Dhana,Sid Sriram,Action,"Cast: Vikram Prabhu, Madonna Sebastian, Raadhika Sarathkumar, Aishwarya Rajesh, Sarathkumar R, Raadhika Sarathkumar, Nandha Durairaj 
                                 Drama",58%,(U),Feb
Seeru (U/A),Rathna Shiva,Imman D,Action,"Cast: Sathish , Varun , Jiiva Choudry, Riya Suman",53%,(U/A),Feb
Oh My Kadavule (U/A),Ashwath Marimuthu,Leon James,Love,"Cast: Ashok Selvan, Ritika Singh, Vani Bhojan, Ms Bhaskar, Ramesh Thilak",64%,(U/A),Feb
Naan Sirithal (U),Raana,Hiphop Tamizha,Comedy,"Cast: Hiphop Tamizha Adhi, Iswarya Menon, Mime Gopi",54%,(U),Feb
God Father (U/A),Jegan Rajshekar,Naviin Ravindran,Action,"Cast: Natraj, Ananya , Lal",50%,(U/A),Feb
Mafia (U/A),Karthick Naren,Jakes Bejoy,Action,"Cast: Arun Vijay, Prasanna , Priya Bhavanisankar",56%,(U/A),Feb
Kannum Kannum Kollai Adithaal (U),Desingh Periasamy,Masala Coffee.,Love,"Cast: Dulquer Salman , Ritu Varma, Rakshan, Niranjani Ahathian",65%,(U),Feb
Draupathi (U/A),Mohan G,Jubin.,Drama,"Cast: Richard Rishi,",38%,(U/A),Feb
Gypsy (A),Rajumurugan,Santhosh Narayanan,Comedy,"Cast: Jiiva Choudry,",56%,(A),Mar
Velvet Nagaram (U/A),Manojkumar Natrajan,Achu Rajamani,Thriller,"Cast: Varalaxmi Sarathkumar, Ramesh Thilak",48%,(U/A),Mar
Asuraguru (U/A),Rajdeep,Simon,Action,"Cast: Vikram Prabhu, Mahima Nambiar, Yogi Babu, Naginedu , Subbaraju",35%,(U/A),Mar
Walter (U),U. Anbu,Dharmaprakash,Crime,"Cast: Sibiraj , Samuthirakani , Sanam Shetty, Shirin Kanchwala, Charlie, Natarajan Subramaniam",39%,(U),Mar
Dharala Prabhu (U/A),Krishna Marimuthu,Anirudh Ravichander,Comedy,"Cast: Harish Kalyan, Tanya Hope, Vivek",62%,(U/A),Mar
Ponmagal Vandhal (OTT Release),Jj Fredrick,Govind Vasantha,Thriller,"Cast: Jyotika Saravanan, Bhagyaraj K, Parthiban , Pandiarajan , Prathap Pothan, Vidya Pradeep, Thiyagarajan 
                                 Drama",50%,(OTT Release),May
Penguin (OTT Release),Eashvar Karthic,Santhosh Narayanan,Drama,"Cast: Keerthi Suresh, Linga , Madhampatty Rangaraj",55%,(OTT Release),Jun
Viswasam (U),Siva,Imman D,Action,Cast: Ajith,60%,(U),Jan
Petta (U/A),Karthik Subburaj,Anirudh Ravichander,Action,"Cast: Rajinikanth , Vijay Sethupathi, Nawazuddin Siddiqui, Trisha Krishnan, Megha Akash , Bobby Simha",63%,(U/A),Jan
Charlie Chaplin 2 (U),Sakthi Chidambaram,Amresh Ganesh,Comedy,"Cast: Prabhu Deva, Nikki Galrani, Prabhu Ganesan, Adah Sharma , Amit Bhargav, Aravind Akash",42%,(U),Jan
Simba (U),Arvind Sridhar,Vishal Chandrasekhar,Comedy,"Cast: Bharath , Premji Amaren, Swathi Deekshith Bhanu, Bhanu Sri Mehra",48%,(U),Jan
Peranbu (U/A),Ram,Yuvan Shankar Raja,Drama,"Cast: Mammootty , Anjali , Sadhana, Samuthirakani",66%,(U/A),Feb
Sarvam Thaala Mayam (U),Rajiv Menon,A.r. Rahman,Drama,"Cast: Gv Prakash, Aparna Balamurali , Nedumudi Venu, Vineeth , Dhivyadharshini",59%,(U),Feb
Vantha Rajavaathaan Varuven (U),Sundar C,Hiphop Tamizha,Action,"Cast: Silambarasan Rajendar, Megha Akash , Catherine Tresa, Prabhu Ganesan, Ramya Krishnan, Nassar , Mahat Raghavendra 
                                 Drama",39%,(U),Feb
Sagaa (U/A),Murugesh,Shabir,Drama,,45%,(U/A),Feb
Dhilluku Dhuddu 2 (U/A),Rambhala,Shabir,Comedy,"Cast: Santhanam , Shritha Sivadas, Rajendran, Urvashi",55%,(U/A),Feb
Dev (U),Rajat Ravishankar,Harris Jayaraj,Action,"Cast: Karthik Sivakumar, Rakul Preet Singh , Prakash Raj , Ramya Krishnan, Vamsee Krishna",42%,(U),Feb
To Let (U),Chezhiyan,64%,Drama,,Storyline:,(U),Feb
Kanne Kalai Maane (U),Seenu Ramasamy,Yuvan Shankar Raja,Love,"Cast: Udhayanidhi Stalin, Tamannah Bhatia, Vadivukkarasi, Shaji Chen, Vasundhara Kashyap, Vtv Ganesh, Anandaraj 
                                 Drama",58%,(U),Feb
Lkg (U),Prabhu,Leon James,Comedy,"Cast: R.j.balaji, Priya Anand, J.k.rithish , Mayilsamy , Santhana Bharathi, Mano Bala , Ramesh Thilak 
                                 Drama",60%,(U),Feb
90ml (A),Anita Udeep,Str,Drama,"Cast: Oviya , Anson Paul",46%,(A),Mar
Thadam (U/A),Magizh Thirumeni,Arun Raj,Mystery,"Cast: Arun Vijay, Vidya Pradeep, Tanya Hope, Sonia Agarwal, Yogi Babu, Chaams, Aadukalam Naren 
                                 Drama",64%,(U/A),Mar
Thirumanam (U),Cheran,Siddarth Vippin,Family,"Cast: Cheran , Thambi Ramaiah, Ms Bhaskar, Mano Bala , Bala Saravanan, Jayaprakash , Anupama Kumar",40%,(U),Mar
Sathru (U/A),Naveen Nanjundan,Amrish,Action,"Cast: Kathir , Srushti Dange",51%,(U/A),Mar
Boomerang (U),Kannan R,Radhan,Action,"Cast: Adharvaa Murali, Megha Akash , R.j.balaji, Sathish",49%,(U),Mar
Pottu (U/A),Vadivudaiyan,Amresh Ganesh,Horror,"Cast: Bharath , Iniya , Namitha Kapoor, Srushti Dange, Manisha Yadav, Rajendran, Sayaji Shinde 
                                 Drama",30%,(U/A),Mar
Ispade Rajavum Idhaya Raniyum (U/A),Ranjith Jeyakodi,Sam C.s,Love,"Cast: Harish Kalyan, Shilpa Manjunath, Bala Saravanan",44%,(U/A),Mar
July Kaatril,Kc Sundaram,Joshua Sridhar,Romance,"Cast: Ananth Nag, Anju Kurian, Samyuktha Menon, Sathish",50%,,Mar
Nedunalvaadai (U),Selvakannan,Jose Franklin.,Family,"Cast: Poo Ramu, Mime Gopi",63%,(U),Mar
Agni Dev (U/A),Jpr,Jakes Bejoy,Action,"Cast: Bobby Simha, Madhoo",30%,(U/A),Mar
Airaa (U/A),Sarjun Km,Sundara Moorthy,Thriller,"Cast: Nayantara , Kalaiyarasan, Yogi Babu, Jayaprakash",50%,(U/A),Mar
Super Deluxe (A),Thiagarajan Kumararaja,Yuvan Shankar Raja,Thriller,"Cast: Vijay Sethupathi, Fahadh Faasil, Myshkin , Samantha Prabhu, Gayathrie Shankar, Ramya Krishnan, Bagavathi Perumal",69%,(A),Mar
Natpe Thunai (U),D. Parthiban Desingu,Hiphop Tamizha,Sports,"Cast: Hiphop Tamizha Adhi, Pandiarajan , Karu Pazhaniappan, Harish Uthaman, Radha Ravi , Mansoor Ali Khan, Anagha",56%,(U),Apr
Uriyadi 2 (U),Vijaykumar,Govind Menon,Social,"Cast: Vijay Kumar, Vismaya",60%,(U),Apr
Kuppathu Raja (U/A),R S Baskar,G.v. Prakash Kumar,Action,"Cast: Gv Prakash, Parthiban , Palak Lalwani, Poonam Bajwa, Ms Bhaskar, Yogi Babu, R.n.r.manohar 
                                 Drama",40%,(U/A),Apr
Oru Kadhai Sollatuma,Prasad Prabhakar,Rahul Raj,Drama,"Cast: Resul Pookutty,",50%,,Apr
Gangs Of Madras (A),C.v Kumar,Hari Dafusia,Crime,"Cast: Daniel Balaji,",52%,(A),Apr
Watchman (U),Vijay A.l.,G.v. Prakash Kumar,Crime,"Cast: Gv Prakash, Yogi Babu, Samyuktha Hegde, Swaminathan",48%,(U),Apr
Kanchana 3 (U/A),Raghava Lawrence,Doopaadoo,Horror,"Cast: Oviya , Lawrence Raghavendra, Vedhika Kumar, Kovai Sarala, Mano Bala , Sriman , Devadarshini",42%,(U/A),Apr
Mehandi Circus (U),Saravana Rajendhiran,Sean Roldan,Action,"Cast: Madhampatty Rangaraj, Shweta Tripathi, Vela Ramamoorthy",59%,(U),Apr
Vellai Pookal (U/A),Vivek Elangovan,Ramgopal Krishnaraju,Crime,"Cast: Vivek , Charlie, Pooja Devariya",61%,(U/A),Apr
Devarattam (U/A),Muthaiah,Nivas K.prasanna,Action,"Cast: Gautham Karthik, Soori, Manjima Mohan, Ramdoss, Bose Venkat, Rajkiran , Jagapati Babu 
                                 Drama",38%,(U/A),May
K13 (U/A),Barath Neelakandan,Sam C.s,Mystery,"Cast: Arulnidhi , Shraddha Srinath, Yogi Babu",59%,(U/A),May
100 (U/A),Sam Anton,Sam C.s,Action,"Cast: Adharvaa Murali, Hansika Motwani, Yogi Babu, Radha Ravi , Saravanan , Aadukalam Naren",48%,(U/A),May
Kee (U/A),Kalees,Vishal Chandrasekhar,Crime,"Cast: Jiiva Choudry, Anaika Soti , Nikki Galrani, Rajendra Prasad, Govind Padmasoorya, Suhasini Ratnam, R.j.balaji 
                                 Drama",31%,(U/A),May
Ayogya (U/A),Venkat Mohan,Sam C.s,Action,"Cast: Vishal Krishna, Rashi Khanna, Parthiban , Vamsee Krishna , K.s. Ravikumar",54%,(U/A),May
Monster (U),Nelson Venkat,Justin Prabhakaran,Fantasy,"Cast: S J Surya, Priya Bhavanisankar, Karunakaran",61%,(U),May
Mr. Local (U),Rajesh M,Hiphop Tamizha,Action,"Cast: Sivakarthikeyan , Nayantara , Sathish , Yogi Babu, Narayan Lucky, Raadhika Sarathkumar, R.j.balaji 
                                 Drama",45%,(U),May
Neeya 2 (U),L Suresh,Shabir,Horror,"Cast: Jai , Varalaxmi Sarathkumar, Catherine Tresa",20%,(U),May
Lisaa (U/A),Raju Viswanath,Santhosh Dayanidhi,Horror,"Cast: Anjali , Makarand Deshpande, Yogi Babu, Mime Gopi, Sam Jones",40%,(U/A),May
Ngk (U),Selvaraghavan,Yuvan Shankar Raja,Social,"Cast: Suriya Sivakumar, Sai Pallavi, Rakul Preet Singh , Jagapati Babu, Devaraj, Ponvannan , Balasingh 
                                 Drama",53%,(U),May
Devi 2 (U),Vijay A.l.,Sam C.s,Thriller,"Cast: Prabhudeva Sundaram, Kovai Sarala, Tamannah Bhatia, Yogi Babu, Guru Somasundaram, Nandita Sweta",36%,(U),May
Kolaigaran (U/A),Andrew Louis,Vijay Antony,Thriller,"Cast: Vijay Antony, Arjun Sarja, Nassar , Ashima Narwal, Seetha , Sathyan , Guru Somasundaram 
                                 Drama",63%,(U/A),Jun
Suttu Pidikka Utharavu (U),Ramprakash Rayappa,Jakes Bejoy,Action,"Cast: Vikranth, Myshkin , Suseenthiran, Athulya",60%,(U),Jun
Game Over (U/A),Ashwin Saravanan,Ron Ethan Yohann,Mystery,"Cast: Taapsee Pannu, Vinodhini Vaidyanathan, Anish Kuruvilla, Sanchana Natarajan, Vj Ramya",65%,(U/A),Jun
Nenjamundu Nermaiyundu Odu Raja (U),Karthik Venugopalan,Shabir,Family,"Cast: Rio Raj, Shirin Kanchwala, Radha Ravi",48%,(U),Jun
Thumbaa (U),Harish Ram,Anirudh Ravichander Vivek-mervin Santhosh Dhayanidhi,Adventure,"Cast: Darshan , Keertthi Pandian",57%,(U),Jun
Pakkiri (the Extraordinary Journey Of The Fakir) (U/A),Ken Scott,Nicolas Errèra,Adventure,"Cast: Dhanush , Bérénice Bejo, Barkhad Abdi, Erin Moriarty",60%,(U/A),Jun
Sindhubaadh (U/A),S. U. Arun Kumar,Yuvan Shankar Raja,Action,"Cast: Vijay Sethupathi, Anjali , Linga",44%,(U/A),Jun
Dharma Prabhu (U),Muthukumaran,Justin Prabhakaran,Comedy,"Cast: Yogi Babu, Janani Iyer, Karunakaran , Ramesh Thilak, Rajendran, Radha Ravi , Azhagam Perumal 
                                 Drama",43%,(U),Jun
Jiivi (U),Gopinath,Sundara Moorthy,Thriller,Cast: Vetri,62%,(U),Jun
House Owner (U),Lakshmi Ramakrishnan,Mohamaad Ghibran,Action,"Cast: Kishore , Viji Chandrasekhar, Lovelyn Chandrasekhar, Kishore Ds",61%,(U),Jun
Raatchasi (U),Raj .s,Sean Roldan,Drama,"Cast: Jyotika Saravanan, Hareesh Peradi, Poornima Bhagyaraj, Sathyam",51%,(U),Jul
Kalavani 2 - K2 (U),Sarkunam A,Mani Amudhavan (songs) V2 (songs) V. Ronald Regan (songs) Natarajan Sankaran(score),Comedy,"Cast: Vimal , Oviya , Rj Vigneshkanth, Saranya Ponvannan, Ilavarasu, Ganja Karuppu, Vinodhini Vaidyanathan",50%,(U),Jul
Gorilla (U),Don Sandy,Sam C.s,Action,"Cast: Jiiva Choudry, Shalini Pandey, Radha Ravi , Yogi Babu, Rajendran, Ramdoss, Sathish 
                                 Drama",42%,(U),Jul
Vennila Kabaddi Kuzhu 2 (U),Selva Sekaran,Selvaganesh V,Action,"Cast: Vikranth, Pasupathy , Kishore , Anupama Kumar, Soori, Appukutty , Ganja Karuppu 
                                 Drama",40%,(U),Jul
Gurkha (U),Sam Anton,Raj Aryan,Comedy,"Cast: Yogi Babu, Anandaraj, Livingston, Raj Bharath",48%,(U),Jul
Bodhai Yeri Budhi Maari (U/A),Chandru Kr,Kp,Action,"Cast: Dheeraj, Radha Ravi , Charlie, Ajay , Pradaini, Dushara",50%,(U/A),Jul
Aadai (A),Rathna Kumar,"Pradeep Kumar ,oorka",Drama,"Cast: Amala Paul, Vj Ramya , Vivek Prasanna, Sriranjini",62%,(A),Jul
Kadaram Kondan (U/A),Rajesh Selvam,Ghibran M,Action,"Cast: Vikram , Akshara Haasan, Lena , Abi Hassan, Vikas",54%,(U/A),Jul
A1 Accused No-1 (U),Johnson K,Santhosh Narayanan,Action,"Cast: Santhanam , Tara Alisha Berry, Rajendran, Ms Bhaskar, Lollu Sabha Manohar, Yatin Karyekar, Swaminathan",54%,(U),Jul
Kolanji (U),Dhanaram Saravanan,Natarajan Sankaran,Family,"Cast: Samuthirakani , Sanghavi , Rajaji, Naina Sarwar",48%,(U),Jul
Chennai Palani Mars (U),Biju,Niranjan Babu,Adventure,"Cast: Praveen Raja, Rajesh Giriprasad, A.ravikumar, Madankumar Dakshinamoorthy, Paari Elavazhagan, Vasant Marimuthu",43%,(U),Jul
Kazhugu 2 (U),Sathyasiva,Yuvan Shankar Raja,Comedy,"Cast: Krishna Sekhar, Bindu Madhavi, Kaali Venkat, Yaashika Aannand",38%,(U),Aug
Jackpot (U),Kalyaan,Vishal Chandrasekhar,Comedy,"Cast: Jyotika Saravanan, Revathi , Yogi Babu, Anandaraj, Mansoor Ali Khan, Rajendran",51%,(U),Aug
Nerkonda Paarvai (U/A),H.vinoth,Yuvan Shankar Raja,Crime,"Cast: Ajith Kumar, Vidya Balan, Rangaraj Pandey, Shraddha Srinath, Adhik Ravichandran, Delhi Ganesh, Abhirami Venkatachalam 
                                 Drama",65%,(U/A),Aug
Kolaiyuthir Kaalam (U/A),Chakri Toleti,Yuvan Shankar Raja,Thriller,"Cast: Nayantara , Prathap Pothan, Bhumika Chawla, Rohini Hattangadi",33%,(U/A),Aug
Comali (U),Pradeep Ranganathan,Hiphop Tamizha,Comedy,"Cast: Jayam Ravi, Kajal Agarwal, Samyuktha Hegde, K.s. Ravikumar, Yogi Babu, Kavita Radheshyam",59%,(U),Aug
Kennedy Club (U),Suseendran,Imman D,Sports,"Cast: Sasikumar M, Bharathiraja , Gayathrie Shankar, Soori, Murali Sharma",44%,(U),Aug
Mei (U),Sa Baskaran,Prithivi Kumar,Crime,"Cast: Aishwarya Rajesh, Kishore",50%,(U),Aug
Sixer (U),Chachi,Ghibran M,Comedy,"Cast: Vaibhav Reddy, Pallak Lalwani, Sathish , Radha Ravi , Ilavarasu",55%,(U),Aug
Saaho (U/A),Sujeeth,Tanishk Bagchi .,Action,"Cast: Prabhas, Shraddha Kapoor, Jackie Shroff, Neil Nitin Mukesh, Vennela Kishore, Murali Sharma, Arun Vijay 
                                 Drama",41%,(U/A),Aug
Zombie (U/A),Bhuvan Nullan,Premgi Amaren,Comedy,"Cast: Yogi Babu, Yaashika Aannand",18%,(U/A),Sep
Magamuni (U/A),Shanthakumar,Thaman,Crime,"Cast: Arya , Indhuja, Mahima Nambiar, Kaali Venkat, Jayaprakash , Aruldoss",62%,(U/A),Sep
Sivappu Manjal Pachai (U),Sasi,Siddhu Kumar,Action,"Cast: Siddharth Narayan, Gv Prakash, Lijomol Jose, Kashmira, Dheepa Ramanujam",56%,(U),Sep
Pailwaan (U/A),Krishna .s,Arjun Janya,Action,"Cast: Aakanksha Singh, Sudeep , Sunil Shetty, Sushant Singh, Kabir Duhan Singh, K.s. Ravikumar",54%,(U/A),Sep
Oththa Seruppu (U),Parthiban R,Santhosh Narayanan,Drama,Cast: Parthiban,68%,(U),Sep
Kaappaan (U/A),K.v Anand,Harris Jayaraj,Action,"Cast: Suriya Sivakumar, Mohanlal , Arya , Sayesha Saigal, Boman Irani, Samuthirakani , Prem Kumar",60%,(U/A),Sep
Namma Veettu Pillai (U),Pandiaraj,Imman D,Action,"Cast: Sivakarthikeyan , Anu Emmanuel, Aishwarya Rajesh, Bharathiraja , Samuthirakani , Yogi Babu, Soori 
                                 Drama",58%,(U),Sep
Sye Raa Narasimha Reddy (U/A),Surender Reddy,Amit Trivedi,History,"Cast: Chiranjeevi , Amitabh Bachchan, Sudeep , Vijay Sethupathi, Jagapati Babu, Nayantara , Tamannah Bhatia 
                                 Drama",59%,(U/A),Oct
100 % Kadhal (U),M.m. Chandramouli,G.v. Prakash Kumar,Love,"Cast: Gv Prakash, Shalini Pandey, Sathish , Nassar , Mano Bala",28%,(U),Oct
Asuran (U/A),Vetrimaaran,G.v. Prakash Kumar,Action,"Cast: Dhanush , Manju Warrier, Ammu Abirami, Balaji Sakthivel, Prakash Raj , Pasupathy , Subramaniam Siva 
                                 Drama",73%,(U/A),Oct
Aruvam (U/A),Sai Shekhar,Thaman,Comedy,"Cast: Siddharth Narayan, Catherine Tresa, Kaali Venkat, Kaali Venkat, Sathish , Kabir Duhan Singh, Aadukalam Naren 
                                 Drama",41%,(U/A),Oct
Petromax (U/A),Rohin Venkatesan,Ghibran M,Comedy,"Cast: Tamannah Bhatia, Yogi Babu, Kalaiyarasan",47%,(U/A),Oct
Puppy (U/A),Nattu Dev,Dharan Kumar,Comedy,"Cast: Varun , Yogi Babu, Samyuktha Hegde, Rajendran",50%,(U/A),Oct
Kaaviyyan (U),Parthasarathy. I.v.,Syam Mohan Mm,Thriller,"Cast: Shaam , Sridevi Kumar, Athmiya",30%,(U),Oct
Bigil (U/A),Atlee,A.r. Rahman,Sports,"Cast: Vijay Chandrasekhar, Nayantara , Vivek , Jackie Shroff, Kathir , Daniel Balaji, Anandaraj 
                                 Drama",64%,(U/A),Oct
Kaithi (U/A),Lokesh Kanagaraj,Sam C.s,Action,"Cast: Karthik Sivakumar, Narain , George Maryan, Vatsan Chakravarthy, Yogi Babu, Mahanadi Shankar, Ponvannan 
                                 Drama",71%,(U/A),Oct
Miga Miga Avasaram (U),Suresh Kamatchi,Ishaan Dev.,Action,"Cast: Sri Priyanka, Harish Kumar",44%,(U),Nov
Sanga Thamizhan (U/A),Vijay Chandar,Vivek - Mervin,Action,"Cast: Vijay Sethupathi, Raashi Khanna, Nivetha Pethuraj, John Vijay, Soori, Nassar , Ashutosh Rana 
                                 Drama",48%,(U/A),Nov
Action (U/A),Sundar C,Hiphop Tamizha,Action,"Cast: Vishal Krishna, Tamannah Bhatia, Aishwarya Lekshmi, Chaya Singh, Ramki, Kabir Duhan Singh, Yogi Babu 
                                 Drama",45%,(U/A),Nov
Kd (U/A),Madhumita,Karthikeya Murthy,Adventure,"Cast: Yog Japee, Nagavishal, Ramasamy",68%,(U/A),Nov
Adithya Varma (A),Gireesaaya,Radhan,Love,"Cast: Dhruv, Banita Sandhu, Priya Anand, Leela Samson, Bagavathi Perumal",60%,(A),Nov
Enai Nokki Paayum Thotta (U/A),Gautham Menon,Darbuka Siva,Action,"Cast: Dhanush , Megha Akash , Sasikumar M, Sunaina , Rana Daggubati, Sathish Krishnan, Jagan",48%,(U/A),Nov
Adutha Saattai (U/A),Anbazhagan,Justin Prabhakaran,Action,"Cast: Samuthirakani , Thambi Ramaiah, Athulya, Junior Balaiah, Sree Raam",40%,(U/A),Nov
Market Raja Mbbs (U/A),Saran,Simon,Comedy,"Cast: Arav , Radhika , Nassar , Rohini , Sayaji Shinde, Pradeep Rawat, Nikeesha Patel 
                                 Drama",45%,(U/A),Nov
Dhanusu Raasi Neyargalae (U/A),Sanjay Bharathi,Ghibran M,Comedy,"Cast: Harish Kalyan, Reba Monica John, Munishkanth, Yogi Babu, Pandiarajan , Mayilsamy , Charlie",49%,(U/A),Dec
Gundu (U),Athiyan Athirai,Tenma,Social,"Cast: Dinesh , Anandhi, Riythvika, Munishkanth, Lijeesh, John Vijay",66%,(U),Dec
Jada (U/A),Kumaran.,Sam C.s,Sports,"Cast: Kathir , Yogi Babu, Roshini , Kishore , Swasika",44%,(U/A),Dec
Iruttu (U),Durai V.z.,Girish,Horror,"Cast: Sundar C, Dhansika , Vimala Raman, Sakshi Chowdary, Vtv Ganesh, Yogi Babu, Shaji Chen",54%,(U),Dec
Kaalidas (U/A),Sri Senthil,Vishal Chandrasekhar,Crime,"Cast: Bharath , Aadhav Kannadasan, Suresh Menon, Vela Ramamoorthy",61%,(U/A),Dec
Champion (U/A),Suseendran,Arrol Corelli,Drama,"Cast: Roshan , Mrinalini, Narain , Manoj Bharathiraja, Jayaprakash",58%,(U/A),Dec
Capmaari (A),Chandrasekhar S.a.,Siddarth Vippin,Comedy,"Cast: Jai,",27%,(A),Dec
Thambi (U/A),Jeethu Jospeh,Govind Vasantha,Action,"Cast: Jyotika Saravanan, Karthik Sivakumar, Sathyaraj , Nikhila Vimal, Anson Paul, Balasingh , Nedumudi Venu 
                                 Drama",59%,(U/A),Dec
Hero (U),P.s.mithran,Yuvan Shankar Raja,Action,"Cast: Sivakarthikeyan , Ivana , Kalyani Priyadarshan, Arjun Sarja, Ivana , Robo Shankar",57%,(U),Dec
Sillu Karupatti (U),Halitha Shameem,Pradeep Kumar,Romance,"Cast: Samuthirakani , Sunaina , Nivedhithaa Sathish, Leela Samson, Sara",66%,(U),Dec
Pancharaaksharam (U),Balaji Vairamuthu,Sundara Moorthy,Adventure,Cast:,56%,(U),Dec
Sketch (U/A),Vijay Chandar,Thaman,Action,"Cast: Vikram , Tamannah Bhatia, R.k Suresh, Soori, Radha Ravi , Vela Ramamoorthy, Sriman",48%,(U/A),Jan
Gulebagavali (U),Kalyaan,Vivek - Mervin,Action,"Cast: Prabhudeva Sundaram, Hansika Motwani, Revathi , Anandaraj, Sathyan , Ramdoss, Mansoor Ali Khan 
                                 Drama",52%,(U),Jan
Thaana Serndha Kootam (U/A),Vignesh Shivan,Anirudh Ravichander,Action,"Cast: Suriya Sivakumar, Keerthi Suresh, Karthik Muthuraman, Senthil , Saranya Ponvannan, Ramya Krishnan, R.j.balaji 
                                 Drama",59%,(U/A),Jan
Padmaavat (U/A),Sanjay Leela Bhansali,Sanjay Leela Bhansali,Romance,"Cast: Deepika Padukone, Ranveer Singh, Shahid Kapoor, Aditi Rao Hydari",66%,(U/A),Jan
Mannar Vagaiyara (U),Boopathy Pandian,Jakes Bejoy,Comedy,"Cast: Vimal , Anandhi, Chandini Tamilarasan, Prabhu Ganesan, Saranya Ponvannan, Karthik Kumar, Nassar 
                                 Drama",48%,(U),Jan
Nimir (U),Priyadarshan,Darbuka Siva,Comedy,"Cast: Udhayanidhi Stalin, Namitha Pramod, Parvathy Nair, J Mahendran, Samuthirakani , Ms Bhaskar",53%,(U),Jan
Madurai Veeran (U),Pg Muthaiah,Santhosh Dayanidhi,Action,"Cast: Shanmugapandian, Meenakshi , Samuthirakani , Vela Ramamoorthy, Bala Saravanan, Mime Gopi",57%,(U),Feb
Oru Nalla Naal Paathu Solren (U),Arumuga Kumar,Justin Prabhakaran,Comedy,"Cast: Vijay Sethupathi, Gautham Karthik, Niharika Konidela , Viji Chandrasekhar, Ramesh Thilak",55%,(U),Feb
Padai Veeran (U/A),Dhana,Karthik Raja,Action,"Cast: Vijay Yesudas, Bharathiraja , Akhil , Amritha Aiyer",52%,(U/A),Feb
Yemaali (A),V.z Durai,Sam D. Raj,Thriller,"Cast: Samuthirakani , Athulya, Sam Jones, Bala Saravanan, Singampuli",30%,(A),Feb
Kalakalappu 2 (U/A),Sundar C,Hiphop Tamizha,Comedy,"Cast: Jiiva Choudry, Catherine Tresa, Jai , Shiva , Nikki Galrani, Sathish , Vaiyapuri 
                                 Drama",54%,(U/A),Feb
Sollividava (U),Arjun Sarja,Yuvan Shankar Raja,Action,"Cast: Aishwarya Arjun, Chandan, Suhasini Ratnam, Prakash Raj , Sathish , Mano Bala , Rajendran 
                                 Drama",51%,(U),Feb
Savarakathi (U),G. R. Adithya,Arrol Corelli,Drama,"Cast: Ram , Poorna , Myshkin , Shaji Chen",59%,(U),Feb
Naachiyaar (U/A),Bala,Ilaiyaraja,Crime,"Cast: Jyotika Saravanan, Gv Prakash, Rockline Venkatesh, Ivana",60%,(U/A),Feb
Nagesh Thiraiyarangam (U/A),Isaq,Sri,Horror,"Cast: Aari , Ashna Zaveri, Masoom Shankar, Sithara , Mano Bala , Kaali Venkat",37%,(U/A),Feb
6 Athiyayam (A),"Eav Suresh, Shankar Vt, Cable B Shankar,ajayan Bala,lokesh, Sridhar Venkatesan","Tajnoor, Joshua, Sathish Kumar, Jose Franklin And The Promo Song Was Composed By Sam C. S.",Horror,"Cast: Thaman Kumar, S.s.stanly, Pop Suresh, Divya , Kishore , Madhu Sri, Kulir Sanjeev",40%,(A),Feb
Mercury (U),Karthik Subburaj,Santhosh Narayanan,Thriller,"Cast: Prabhudeva Sundaram, Sananth Reddy, Remya Nambeesan, Deepak Paramesh",53%,(U),Apr
Pakka (U),S S Surya,Sathya,Action,"Cast: Vikram Prabhu, Nikki Galrani, Bindu Madhavi, Soori, Sathish , Anandaraj, Ravi Mariya 
                                 Drama",30%,(U),Apr
Diya (U/A),Vijay A.l.,Sam C.s,Horror,"Cast: Naga Shourya, Sai Pallavi, R.j.balaji, Santhana Bharathi, Rekha , Nizhalgal Ravi, Veronika Arora 
                                 Drama",52%,(U/A),Apr
Iruttu Araiyil Murattu Kuthu (A),Santhosh P. Jayakumar,Balamurali Balu,Comedy,"Cast: Gautham Karthik, Vaibhavi Shandilya, Karunakaran , Rajendran, Bala Saravanan, Jhon Vijay, Madhumitha",46%,(A),May
Irumbu Thirai (U),P.s.mithran,Yuvan Shankar Raja,Action,"Cast: Vishal Krishna, Samantha Prabhu, Arjun Sarja, Robo Shankar, Delhi Ganesh, Kaali Venkat",63%,(U),May
Iravukku Aayiram Kangal (U/A),Mu. Maran,Sam C.s,Crime,"Cast: Arulnidhi , Ajmal Ameer, Mahima Nambiar, Suja Varunee, Chaya Singh, Anandaraj, Jhon Vijay 
                                 Drama",60%,(U/A),May
Nadigaiyar Thilagam (U),Nag Ashwin,Mickey J Meyer,Biography,"Cast: Dulquer Salman , Keerthi Suresh, Samantha Prabhu, Mohan Babu, Vijay Devarakonda, Shalini Pandey, Prakash Raj 
                                 Drama",68%,(U),May
Bhaskar Oru Rascal (U/A),Siddique,Amrish,Comedy,"Cast: Arvind Swamy, Amala Paul, Nainika , Soori, Robo Shankar, Ramesh Khanna, Nassar 
                                 Drama",47%,(U/A),May
Kaali (U),Kiruthiga Udhayanidhi,Vijay Antony,Action,"Cast: Vijay Antony, Anjali , Sunaina , Amritha Aiyer, Vela Ramamoorthy, Nassar , Jayaprakash 
                                 Drama",54%,(U),May
Seyal (U),Ravi Abbulu,Siddarth Vippin,Drama,"Cast: Rajan Tejeshwar, Tharushi",40%,(U),May
Oru Kuppai Kathai,Kaali Rangasamy,Joshua Sridhar,Love,"Cast: Manisha Yadav, Yogi Babu, Dance Master Dinesh",54%,,May
Sema (U),Vallikanth,G.v. Prakash Kumar,Comedy,"Cast: Arthana Binu, Gv Prakash, Assisi Ronald Gibson, Kovai Sarala, Yogi Babu, Mansoor Ali Khan, Sujatha Sivakumar",54%,(U),May
Kaala Koothu (U),M Nagarajan,Justin Prabhakaran,Action,"Cast: Prasanna , Dhansika , Kalaiyarasan, Srushti Dange",50%,(U),May
Kaala (U/A),Pa Ranjith,Santhosh Narayanan,Action,"Cast: Rajinikanth , Eswari Rao, Huma Qureshi, Nana Patekar, Samuthirakani , Dileepan , Manikandan 
                                 Drama",65%,(U/A),Jun
Goli Soda 2 (U/A),S.d Vijay Milton,Achu Rajamani,Action,"Cast: Samuthirakani , Chemban Vinod Jose, Rohini , Subiksha , Saravana Subbaiah, Rekha , Gautham Menon",53%,(U/A),Jun
Tik Tik Tik (U),Shakthi Soundar Rajan,Imman D,Thriller,"Cast: Jayam Ravi, Nivetha Pethuraj, Jayaprakash , Balaji Venugopal, Ramesh Thilak, Jayaprakash",55%,(U),Jun
Andhra Mess (U/A),Jai,Prashant Pillai,Action,"Cast: Raj Bharath, Ap Shreethar, Pooja Devariya",40%,(U/A),Jun
Semma Botha Aagatha (U/A),Badri Venkatesh,Yuvan Shankar Raja,Action,"Cast: Adharvaa Murali, Mishti , Anaika Soti , Mano Bala , John Vijay, Karunakaran , Ms Bhaskar 
                                 Drama",44%,(U/A),Jun
Asuravadham (U/A),Marthupandian,Govind Menon,Action,"Cast: Sasikumar M, Nandita Sweta",59%,(U/A),Jun
Mr. Chandramouli (U/A),Thiru,Sam C.s,Comedy,"Cast: Karthik Muthuraman, Gautham Karthik, Regina Cassandra, Varalaxmi Sarathkumar, J Mahendran, Santhosh Pratap, Sathish 
                                 Drama",48%,(U/A),Jul
Tamizh Padam 2 (U),Amudan C.s.,Kannan,Comedy,"Cast: Shiva , Disha Pandey, Iswarya Menon, Kasthuri Shankar, Sathish , Santhana Bharathi, Mano Bala 
                                 Drama",55%,(U),Jul
Kadai Kutty Singam (U),Pandiaraj,Imman D,Family,"Cast: Karthik Sivakumar, Sathyaraj , Sayesha Saigal, Priya Bhavanisankar, Bhanupriya, Viji Chandrasekhar, Arthana Binu 
                                 Drama",59%,(U),Jul
Mohini (U),Ramana Madhesh,Vivek - Mervin,Horror,"Cast: Trisha Krishnan, Jackky Bhagnani, Poornima Bhagyaraj, Yogi Babu, Swaminathan",39%,(U),Jul
Junga (U),Gokul,Siddarth Vippin,Comedy,"Cast: Vijay Sethupathi, Yogi Babu, Sayesha Saigal, Saranya Ponvannan, Madonna Sebastian, Radha Ravi , Suresh Menon",50%,(U),Jul
Ghajinikanth (U),Santhosh P. Jayakumar,Balamurali Balu,Comedy,"Cast: Arya , Sayesha Saigal, Karunakaran , Sathish , Kaali Venkat, Rajendran, Sampath Raj 
                                 Drama",53%,(U),Aug
Pyaar Prema Kaadhal (U/A),Elan,Yuvan Shankar Raja,Romance,"Cast: Harish Kalyan, Raiza Wilson, Bhanupriya, Anand Babu",61%,(U/A),Aug
Vishwaroopam 2 (U/A),Kamal Haasan,Ghibran M,Thriller,"Cast: Kamal Haasan, Pooja Kumar, Andrea Jeremiah, Nassar , Rahul Bose, Shekhar Kapoor, Jaideep Ahlawat 
                                 Drama",54%,(U/A),Aug
Kolamavu Kokila (U/A),Nelson Dilipkumar,Anirudh Ravichander,Comedy,"Cast: Nayantara , Yogi Babu, Saranya Ponvannan, Jacqueline",63%,(U/A),Aug
Lakshmi (U ),Vijay A.l.,Sam C.s,Drama,"Cast: Prabhudeva Sundaram, Aishwarya Rajesh, Karunakaran , Kovai Sarala, Salman Yusuff Khan, Chaams",52%,(U ),Aug
Kalari (U/A),Kiran Chand,V. V. Prasanna,Action,"Cast: Jaya prakash,",40%,(U/A),Aug
Imaikkaa Nodigal (U/A),Ajay Gnanamuthu,Hiphop Tamizha,Romance,"Cast: Adharvaa Murali, Nayantara , Raashi Khanna, Anurag Kashyap, Ramesh Thilak, Uday Mahesh, Devan",60%,(U/A),Aug
Annanukku Jai (U),Rajkumar,Arrol Corelli,Social,"Cast: Dinesh , Mahima Nambiar, Radha Ravi , Mayilsamy , R.j.balaji",59%,(U),Aug
Aarudhra (U/A),Pa. Vijay,Vidyasagar,Thriller,Cast: Pa.vijay,40%,(U/A),Aug
60 Vayadhu Maaniram (U),Radhamohan,Ilaiyaraja,Thriller,"Cast: Prakash Raj , Samuthirakani , Vikram Prabhu, Indhuja",60%,(U),Aug
U Turn (U/A),Pawan Kumar,Poorna Chandra Tejaswi,Mystery,"Cast: Samantha Prabhu, Aadhi Pinisetty, Rahul Ravindran, Bhumika Chawla, Narain , Aadukalam Naren",62%,(U/A),Sep
Seema Raja (U),Ponram,Imman D,Action,"Cast: Sivakarthikeyan , Samantha Prabhu, Napoleon , Simran Bagga, Soori, Lal , Yogi Babu 
                                 Drama",44%,(U),Sep
Saamy 2 (saamy Square) (U),Hari,Devi Prasad,Action,"Cast: Vikram , Keerthi Suresh, Prabhu Ganesan, Bobby Simha, Soori, Jhon Vijay, Uma Riyaz Khan 
                                 Drama",47%,(U),Sep
Raja Ranguski (U/A),Dharanidharan,Yuvan Shankar Raja,Crime,"Cast: Shirish Saravanan, Chandini Tamilarasan, Anupama Kumar",52%,(U/A),Sep
Chekka Chivantha Vaanam (U/A),Mani Ratnam,A.r. Rahman,Action,"Cast: Silambarasan Rajendar, Vijay Sethupathi, Arvind Swamy, Arun Vijay, Jyotika Saravanan, Aditi Rao Hydari, Aishwarya Rajesh 
                                 Drama",67%,(U/A),Sep
Pariyerum Perumal (U),Maari Selvaraj,Santhosh Narayanan,Drama,"Cast: Kathir,",72%,(U),Sep
96 (U),C. Prem Kumar,Govind Menon,Love,"Cast: Vijay Sethupathi, Trisha Krishnan, Janagaraj , Bagavathi Perumal, Kaali Venkat, Aadukalam Murugadoss, Devadarshini",73%,(U),Oct
Raatchasan (U/A),Ram Kumar,Ghibran M,Thriller,"Cast: Vishnu Vishal, Amala Paul, Suzane George, Kaali Venkat, Ramdoss, Sanjay",70%,(U/A),Oct
Nota,Anand Shankar,Sam C.s,Thriller,"Cast: Vijay Devarakonda, Mehreen Pirzada, Nassar , Sathyaraj , Sanchana Natarajan, Priyadarshi Pullikonda, Ms Bhaskar 
                                 Drama",53%,(U),Oct
Aan Devathai (U),Thamira,Mohamaad Ghibran,Family,"Cast: Samuthirakani , Kavin, Kasthuri Shankar, Ramya Pandian",43%,(U),Oct
Vada Chennai (A),Vetrimaaran,Santhosh Narayanan,Action,"Cast: Dhanush , Amala Paul, Andrea Jeremiah, Samuthirakani , Ameer Sultan, Daniel Balaji, Kishore 
                                 Drama",74%,(A),Oct
Sandakozhi 2 (U/A),Lingusamy N,Yuvan Shankar Raja,Action,"Cast: Vishal Krishna, Raj Kiran, Varalaxmi Sarathkumar, Keerthi Suresh, Ganja Karuppu, Ramdoss, Hareesh Peradi 
                                 Drama",50%,(U/A),Oct
Ezhumin (U),V.p.viji,Ganesh Chandirasekaran,Children,"Cast: Vivek , Devayani",50%,(U),Oct
Jarugandi (U),Pitchumani,Bobo Shashi,Action,"Cast: Jai , Nithin Sathya, Reba Monica John, Amit Tiwari, Daniel Annie Pope, Robo Shankar, Ilavarasu 
                                 Drama",38%,(U),Oct
Genius (U),Suseendran,Yuvan Shankar Raja,Drama,"Cast: Roshan , Aadukalam Naren, Jayaprakash",50%,(U),Oct
Sarkar (U/A),Murugadoss A.r.,A.r. Rahman,Action,"Cast: Vijay Chandrasekhar, Keerthi Suresh, Yogi Babu, Varalaxmi Sarathkumar, Prem Kumar, Radha Ravi , Pala. Karuppiah",57%,(U/A),Nov
Kalavani Mappillai (U),Gandhi Manivasagam,N R Raghunathan,Comedy,"Cast: Dinesh , Adhiti Menon",40%,(U),Nov
Thimiru Pudichavan (U/A),Ganeshaa,Vijay Antony,Action,"Cast: Vijay Antony, Nivetha Pethuraj, Daniel Balaji, Lakshmy Ramakrishnan",46%,(U/A),Nov
Kaatrin Mozhi (U),Radhamohan,A.h. Kaashi,Drama,Cast: Vidharth,60%,(U),Nov
Utharavu Maharaja (U),Asif Kuraishi,Naren Balakumar,Drama,"Cast: Udhaya , Prabhu Ganesan, Mano Bala , Kovai Sarala",40%,(U),Nov
Sei (U/A),Raj Babu,Nyx Lopez,Thriller,"Cast: Nakul , Prakash Raj , Nassar , Aanchal Munjal, Anjali Rao, Chandrika Ravi",38%,(U/A),Nov
2.0 (U/A),Shankar S,A.r. Rahman,Sci-Fi,"Cast: Rajinikanth , Amy Jackson, Akshay Kumar, Sudhanshu Pandey, Adil Hussain, Kalabhavan Shajon, Riyaz Khan",69%,(U/A),Nov
Thuppaki Munai (U),Dinesh Selvaraj,L.v. Muthu And Ganesh,Action,"Cast: Vikram Prabhu, Hansika Motwani, Ms Bhaskar, Vela Ramamoorthy",54%,(U),Dec
Johnny (U/A),Pa.vetriselvan,Jai Ganesh,Action,"Cast: Prashanth Thygarajan, Prabhu Ganesan, Sanchita Shetty, Anandaraj, Sayaji Shinde",45%,(U/A),Dec
Seethakathi (U),Balaji Tharaneetharan,Govind Menon,Comedy,"Cast: Vijay Sethupathi, Parvathy , Ramya Nambeesan, Gayathrie Shankar",64%,(U),Dec
Kanaa (U),Arunraja Kamaraj,Dhibu Ninan Thomas,Sports,"Cast: Sathyaraj , Aishwarya Rajesh, Blade Shankar, Sivakarthikeyan , Ramdoss, Ilavarasu",62%,(U),Dec
Silukkuvarupatti Singam (U),Chella,Leon James,Comedy,"Cast: Vishnu Vishal, Regina Cassandra, Oviya , Yogi Babu, Arunraja Kamaraj, Karunakaran , Livingston 
                                 Drama",50%,(U),Dec
Maari 2 (U/A),Balaji Mohan,Yuvan Shankar Raja,Action,"Cast: Dhanush , Tovino Thomas, Krishna Kulasekaran, Sai Pallavi, Vidya Pradeep, Varalaxmi Sarathkumar, Robo Shankar",53%,(U/A),Dec
Adanga Maru (U/A),Karthik Thangavel,Sam C.s,Action,"Cast: Jayam Ravi, Raashi Khanna, Suresh Menon, Ponvannan , Sampath Raj, Azhagam Perumal, Poorna",60%,(U/A),Dec
Bairavaa (U),Bharathan,Santhosh Narayanan,Action,"Cast: Vijay Chandrasekhar, Keerthi Suresh, Sathish , Aparna Vinod, Daniel Balaji, Aadukalam Naren, Thambi Ramaiah 
                                 Drama",47%,(U),Jan
Koditta Idangalai Nirappuga (U/A),Parthiban R,Sathya,Romance,"Cast: Parthiban , Shanthanoo Bhagyaraj, Parvathy Nair, Thambi Ramaiah, Singampuli, Simran Bagga",50%,(U/A),Jan
Adhey Kangal (U),Rohin Venkatesan,Ghibran M,Love,"Cast: Kalaiyarasan, Janani Iyer, Sshivada, Bala Saravanan",58%,(U),Jan
Enakku Vaaitha Adimaigal (U),Mahendran Rajamani,Santhosh Dayanidhi,Comedy,"Cast: Jai , Pranitha , Karunakaran , Kaali Venkat",47%,(U),Feb
Bogan (U),Lakshman,Imman D,Thriller,"Cast: Hansika Motwani, Arvind Swamy, Jayam Ravi, Akshara Gowda",56%,(U),Feb
S3 (U),Hari,Harris Jayaraj,Action,"Cast: Suriya Sivakumar, Shruthi Haasan, Anushka Shetty, Vijayakumar , Robo Shankar, Raadhika Sarathkumar, Soori 
                                 Drama",57%,(U),Feb
Rum (U/A),Sai Bharath,Anirudh Ravichander,Horror,"Cast: Hrishikesh, Narain , Sanchita Shetty, Miya George, Vivek",42%,(U/A),Feb
Pagadi Attam (U),Ram K Chandrran,Karthik Raja,Crime,"Cast: Rahman , Monika, Gowri Nandha, Akhil",42%,(U),Feb
Yeman (U),Jeeva Sankar,Vijay Antony,Thriller,"Cast: Vijay Antony, Mia George, Thiyagarajan, Sangili Murugan, Charlie, Swaminathan",55%,(U),Feb
Yaakkai (U),Kulandai Vellappan,Yuvan Shankar Raja,Romance,"Cast: Kreshna, Swathi , Prakash Raj , Radha Ravi , Ms Bhaskar, Singampuli, Mayilsamy",41%,(U),Mar
Kuttram 23 (U/A),Arivazhagan,Vishal Chandrasekhar,Action,"Cast: Arun Vijay, Mahima Nambiar, Vamsee Krishna , Thambi Ramaiah",60%,(U/A),Mar
Mupparimanam (U),Adhiroopan,G.v. Prakash Kumar,Romance,"Cast: Shanthanoo Bhagyaraj, Srushti Dange, Parthiban , Thambi Ramaiah",39%,(U),Mar
Motta Siva Ketta Siva (U),Raghava Lawrence,Amersh Ganesh,Action,"Cast: Lawrence Raghavendra, Sathyaraj , Nikki Galrani, Vamsee Krishna",37%,(U),Mar
Maanagaram (U),Lokesh Kanagaraj,Javed Riaz,Thriller,"Cast: Regina Cassandra, Sundeep Kishan, Sri , Charlie, Ramadoss",71%,(U),Mar
Kattappava Kanom (U),Mani Seiyon,Santhosh Dayanidhi,Romance,"Cast: Sibiraj , Sathyaraj , Aishwarya Rajesh, Chandini Tamilarasan, Livingston, Kaali Venkat",52%,(U),Mar
Bruce Lee (U),Prasanth Pandiyaraj,G.v. Prakash Kumar,Comedy,Cast: Gv Prakash,27%,(U),Mar
Oru Mugathirai,Senthil Nadan,Premkumar Sivaperuman,Thriller,"Cast: Rahman , Aditi Chengappa, Delhi Ganesh",30%,,Mar
Paambu Sattai (U),Adam Dasan,Ajesh Ashok,Action,"Cast: Bobby Simha, Keerthi Suresh, Bhanu",50%,(U),Mar
Kadugu (U),S.d Vijay Milton,Anoop Seelin,Thriller,"Cast: Bharath , Rajakumaran, Radhika Prasidhha, Subiksha",60%,(U),Mar
Enkitta Mothathey (U),Ramu Sellapa,Natarajan Sankaran,Action,"Cast: Natraj, Radha Ravi , Sanchita Shetty, Parvathy Nair",51%,(U),Mar
Dora (A),Dass Ramasamy,Vivek - Mervin,Thriller,"Cast: Nayantara , Thambi Ramaiah, Harish Uthaman",44%,(A),Mar
Attu (U/A),Rathan Linga,Bobo Shashi,Action,Cast:,53%,(U/A),Mar
Kavan (U),K.v Anand,Hiphop Tamizha,Action,"Cast: Vijay Sethupathi, T. Rajhentherr, Madonna Sebastian, Pandiarajan , Nassar , Bose Venkat",65%,(U),Mar
Kaatru Veliyidai (U),Mani Ratnam,A.r. Rahman,Romance,"Cast: Karthik Sivakumar, Aditi Rao Hydari, R.j.balaji, Delhi Ganesh, Rukmini Vijayakumar",53%,(U),Apr
8 Thottakkal (U),Sri Ganesh,Sundara Moorthy,Thriller,"Cast: Vetri, Ms Bhaskar, Mime Gopi, Nassar",61%,(U),Apr
Kadamban (U),Raghavan,Yuvan Shankar Raja,Action,"Cast: Arya , Catherine Tresa, Madhuvanti Arun",51%,(U),Apr
Shivalinga (U),Vasu P,Thaman,Horror,"Cast: Lawrence Raghavendra, Ritika Singh, Vadivelu , Urvashi",48%,(U),Apr
Pa Paandi (U),Dhanush,Sean Roldan,Action,"Cast: Rajkiran , Nadhiya , Prasanna , Chaya Singh, Dhanush , Gautham Menon, Madonna Sebastian 
                                 Drama",63%,(U),Apr
Baahubali: The Conclusion (U/A),S S Rajamouli,M M Keeravani,Adventure,"Cast: Prabhas, Anushka Shetty, Rana Daggubati, Tamannah Bhatia, Sathyaraj , Nassar , Ramya Krishnan",74%,(U/A),Apr
Saravanan Irukka Bayamaen (U),Ezhil S,Imman D,Love,"Cast: Udhayanidhi Stalin, Regina Cassandra, Soori, Srushti Dange",31%,(U),May
Lens (A),Jayaprakash Radhakrishnan,G.v. Prakash Kumar,Crime,"Cast: Jayaprakash Radakrishnan, Anandsami, Aswathy Lal",63%,(A),May
Yeidhavan (U),Sakthi Rajasekaran,Paartav Barggo,Crime,"Cast: Kalaiyarasan, Satna Titus, Vela Ramamoorthy, Aadukalam Naren",51%,(U),May
Sangili Bungili Kadhava Thorae (U/A),Ike,Vishal Chandrasekhar,Horror,"Cast: Jiiva Choudry, Sri Divya, Soori, Radhika , Radha Ravi , Thambi Ramaiah",52%,(U/A),May
Brindhavanam (U),Radhamohan,Vishal Chandrasekhar,Comedy,"Cast: Arulnidhi , Tanya Portrays, Vivek",56%,(U),May
Thondan (U),Samudirakanni,Justin Prabhakaran,Action,"Cast: Vikranth, Samuthirakani , Sunaina , Soori, Thambi Ramaiah",50%,(U),May
7 Naatkal (U),Gautham.vr,Vishal Chandrasekhar,Action,"Cast: Prabhu Ganesan, Sakthi Vasu, Nassar , Ganesh Venkatraman",55%,(U),Jun
Bongu (U),Taj,Srikanth Deva,Action,"Cast: Natraj, Ruhi Singh",40%,(U),Jun
Oru Kidayin Karunai Manu (U),Suresh Sangaiah,R.raghuram,Social,"Cast: Vidharth , Raveena Ravi",70%,(U),Jun
Rangoon (U/A),Rajkumar Periasamy,Vishal Chandrasekhar,Action,"Cast: Gautham Karthik, Sana Makbul , Siddique , Daniel Annie Pope",63%,(U/A),Jun
Sathriyan (U),S.r. Prabhakaran,Yuvan Shankar Raja,Action,"Cast: Vikram Prabhu, Manjima Mohan, Kavin, Aishwarya Dutta",41%,(U),Jun
Uru (U/A),Vicky Anand,A L Johan,Thriller,"Cast: Dhansika , Kalaiyarasan, Mime Gopi",56%,(U/A),Jun
Maragadha Naanayam (U),Ark Saravan,Dhibu Ninan Thomas,Comedy,"Cast: Aadhi , Nikki Galrani, Anandaraj, Ramdoss, Kota Srinivasa Rao, Arunraja Kamaraj, Brahmanandam 
                                 Drama",58%,(U),Jun
Adhagappattathu Magajanangalay (U),Inbasekhar,Imman D,Comedy,"Cast: Umapathi, Reshma Rathore, Karunakaran , Mano Bala",40%,(U),Jun
Anbanavan Asarathavan Adangathavan (U/A),Adhik Ravichandran,Yuvan Shankar Raja,Comedy,"Cast: Silambarasan Rajendar, Tamannah Bhatia, Shriya Saran",40%,(U/A),Jun
Vanamagan (U),Vijay A.l.,Harris Jayaraj,Adventure,"Cast: Jayam Ravi, Thambi Ramaiah, Prakash Raj , Sayesha Saigal",52%,(U),Jun
Ivan Thanthiran (U),Kannan R,Nivas K.prasanna,Comedy,"Cast: Gautham Karthik, Shraddha Srinath, Mayilsamy , R.j.balaji",59%,(U),Jun
Rubaai (U),Anbazhagan,Imman D,Action,"Cast: Anandhi, Chandran , Harish Uthaman, Ms Bhaskar, Chinni Jayanth",48%,(U),Jul
Pandigai (U/A),Feroz,R. H. Vikram,Action,"Cast: Anandhi, Kreshna, Nithin Sathya, Karunas , Saravanan",61%,(U/A),Jul
Gemini Ganeshanum Suruli Raajanum (U),Odam Ilavarasu,Imman D,Comedy,"Cast: Adharvaa Murali, Soori, Regina Cassandra, Pranitha , Aishwarya Rajesh, Anandhi",50%,(U),Jul
Thiri (U),Ashok Amritharaj S,Ajesh,Thriller,"Cast: Ashwin Kakumanu, Swathi Reddy, Jayaprakash , Karunakaran",42%,(U),Jul
Vikram Vedha (U/A),Pushkar-gayathri,Sam C.s,Crime,"Cast: Vijay Sethupathi, Madhavan R, Varalaxmi Sarathkumar, Kathir , Shraddha Srinath",74%,(U/A),Jul
Meesaya Murukku (U),Hip Hop Tamizha,Hiphop Tamizha,Romance,"Cast: Aadhi , Vivek , Aathmika , Vijayalakshmi",55%,(U),Jul
Kootathil Oruthan (U),T J Gnanavel,Nivas K.prasanna,Love,"Cast: Ashok Selvan, Priya Anand, Samuthirakani , Anupama Kumar, Nassar , John Vijay, Bala Saravanan",54%,(U),Jul
Nibunan (U/A),Arun Vaidyanathan,Navin,Crime,"Cast: Arjun Sarja, Varalaxmi Sarathkumar, Vaibhav Reddy, Prasanna",55%,(U/A),Jul
Taramani (A),Ram,Yuvan Shankar Raja,Romance,"Cast: Vasanth Ravi, Andrea Jeremiah, Anjali , Azhagam Perumal",66%,(A),Aug
Podhuvaga Emmanasu Thangam (U),Thalapathy Prabhu,Imman D,Comedy,"Cast: Udhayanidhi Stalin, Nivetha Pethuraj, Parthiban , Soori, Mayilsamy",44%,(U),Aug
Velai Illa Pattadhari 2 (U),Soundarya Rajnikanth,Sean Roldan & Anirudh,Action,"Cast: Dhanush , Amala Paul, Kajol, Samuthirakani , Ritu Varma, Saranya Ponvannan",52%,(U),Aug
Vivegam (U/A),Siva,Anirudh Ravichander,Action,"Cast: Ajith Kumar, Kajal Agarwal, Vivek Oberoi, Akshara Haasan, Karunakaran , Bharath Reddy, Sharat Saxena 
                                 Drama",55%,(U/A),Aug
Puriyaadha Pudhir (U),Ranjith Jeyakodi,Sam C.s,Love,"Cast: Vijay Sethupathi, Gayathri, Ramesh Thilaganathan, Arjunan",51%,(U),Sep
Kurangu Bommai (U/A),Nithilan,B. Ajaneesh Loknath,Drama,"Cast: Vidharth , Bharathiraja , Delna Davis, P. L. Thenappan, Ganja Karuppu",66%,(U/A),Sep
Kathanayagan (U),Muruganandham,Sean Roldan,Comedy,"Cast: Vishnu Vishal, Catherine Tresa, Soori, Anandaraj, Saranya Ponvannan, Vijay Sethupathi",47%,(U),Sep
Neruppu Da (U),B. Ashok Kumar,Sean Roldan,Thriller,"Cast: Vikram Prabhu, Nikki Galrani, Varun , Naginedu , Aadukalam Naren",49%,(U),Sep
Thupparivaalan (U/A),Myshkin,Arrol Corelli,Crime,"Cast: Vishal Krishna, Prasanna , Simran Bagga, Devayani , Anu Emmanuel, Andrea Jeremiah, Jhon Vijay 
                                 Drama",64%,(U/A),Sep
Magalir Mattum (U),Bramma G,Ghibran M,Drama,"Cast: Jyotika Saravanan, Urvashi , Saranya Ponvannan, Bhanupriya, Nassar , Livingston",58%,(U),Sep
Naan Aanaiyittal (U/A),Teja,Anup Rubens,Action,"Cast: Rana Daggubati, Kajal Agarwal, Navdeep , Catherine Tresa",54%,(U/A),Sep
Bayama Irukku (U/A),Jawahar,Sathya,Horror,"Cast: Reshmi Menon, Santhosh Pratap, Kovai Sarala, Rajendran, Bharani",28%,(U/A),Sep
Spyder (U/A),Murugadoss A.r.,Harris Jayaraj,Thriller,"Cast: Mahesh Babu, Rakul Preet Singh , S J Surya, R.j.balaji, Priyadarshi Pullikonda, Bharath , Shaji Chen",58%,(U/A),Sep
Karuppan (U),Paneerselvam,Imman D,Action,"Cast: Vijay Sethupathi, Ramya Nambeesan, Bobby Simha, Tanya Ravichandran, Kishore , Pasupathy , Singampuli",54%,(U),Sep
Hara Hara Mahadevaki (A),Saravanan M,Balamurali Balu,Comedy,"Cast: Gautham Karthik, Nikki Galrani, Sathish , Karunakaran , Rajendran, Bala Saravanan, Mano Bala 
                                 Drama",49%,(A),Sep
Solo (U/A),Bejoy Nambiar,Govind Menon Siddharth Menon,Romance,"Cast: Dulquer Salman , Dino Dramaa, Neha Sharma, Dhansika , Deepti Sati, Sruthi Hariharan, Sai Tamhankar",57%,(U/A),Oct
Meyaadha Maan (U/A),Rathna Kumar,Santhosh Narayanan,Comedy,"Cast: Vaibhav Reddy, Priya Bhavanisankar",61%,(U/A),Oct
Chennaiyil Oru Naal 2 (U/A),Jpr,Jakes Bejoy,Crime,"Cast: Sarathkumar R, Ajay , Suhasini Ratnam, Napoleon , Ramdoss",33%,(U/A),Oct
Mersal (U/A),Atlee,A.r. Rahman,Action,"Cast: Vijay Chandrasekhar, Kajal Agarwal, Samantha Prabhu, Nithya Menon, S J Surya, Vadivelu , Kovai Sarala 
                                 Drama",65%,(U/A),Oct
Aval (A),Milind Rau,Girish,Horror,"Cast: Siddharth Narayan, Andrea Jeremiah, Atul Kulkarni",66%,(A),Nov
Ippadai Vellum (U/A),Gaurav Narayanan,Imman D,Comedy,"Cast: Udhayanidhi Stalin, Manjima Mohan, Radhika , Soori, Daniel Balaji, R.k Suresh",51%,(U/A),Nov
Nenjil Thunivirundhal (U/A),Suseendran,Imman D,Action,"Cast: Vikranth, Sundeep Kishan, Mehreen Pirzada, Harish Uthaman, Soori, Appukutty",44%,(U/A),Nov
Aramm (U),Gopi Nainar,Ghibran M,Social,"Cast: Nayantara , Rams",72%,(U),Nov
Theeran Athigaram Ondru (U/A),H.vinoth,Ghibran M,Action,"Cast: Karthik Sivakumar, Rakul Preet Singh , Abhimanyu Singh, Bose Venkat",68%,(U/A),Nov
Indrajith (U),Kalaprabhu,Kp,Action,"Cast: Gautham Karthik, Sonarika Bhadoria, Ashrita, Prathap Pothan",40%,(U),Nov
Thiruttu Payale 2 (U/A),Susi Ganesan,Vidyasagar,Crime,"Cast: Bobby Simha, Prasanna , Amala Paul, Sanam Shetty, Vivek , Robo Shankar",56%,(U/A),Nov
Annadurai (U/A),G.srinivasan,Vijay Antony,Action,"Cast: Vijay Antony, Diana Champika, Jewel Mary, Radha Ravi , Kaali Venkat, Mahima Chaudhry",49%,(U/A),Nov
Kodi Veeran (U/A),Muthaiah. M,N. R. Raghunanthan,Action,"Cast: Sasikumar M, Mahima Nambiar, Vidharth , Bala Saravanan, Poorna , Sanusha",46%,(U/A),Dec
Richie (U/A),Gautham Ramachandran,B. Ajaneesh Loknath,Action,"Cast: Nivin Pauly, Natarajan Subramaniam, Shraddha Srinath, Prakash Raj , Lakshmi Priyaa",51%,(U/A),Dec
Sathya (U/A),Pradeep Krishnamoorthy,Simon,Crime,"Cast: Sibiraj , Remya Nambeesan, Varalaxmi Sarathkumar, Sathish , Anandaraj",59%,(U/A),Dec
Maayavan (U/A),C.v Kumar,Ghibran M,Sci-Fi,"Cast: Lavanya Tripathi, Sundeep Kishan, Jackie Shroff, Daniel Balaji, Jayaprakash , Mime Gopi",58%,(U/A),Dec
Chennai To Singapore (U),Abbas Akbar,Mohamaad Ghibran,Romance,"Cast: Gokul Anand, Rajesh Balachandiran, Anju Kurian",47%,(U),Dec
Aruvi (U/A),Arun Prabu Purushothaman,"Bindhu Malini, Vedanth Bharadwaj",Social,"Cast: Aditi Balan, Lakshmi Gopalswamy, Shwetha Sekar",80%,(U/A),Dec
Velaikkaran (U),Mohan Raja,Anirudh Ravichander,Action,"Cast: Sivakarthikeyan , Fahadh Faasil, Nayantara , Prakash Raj , Thambi Ramaiah, Sneha , R.j.balaji",58%,(U),Dec
Sangu Chakkaram (U),Maarison,Shabir,Horror,Cast: Dhilip Subbarayan,51%,(U),Dec
Kalavaadiya Pozhuthugal (U),Thangar Bachan,Bharadwaj,Love,"Cast: Prabhudeva Sundaram, Bhumika Chawla, Sathyaraj , Prakash Raj , Ganja Karuppu",45%,(U),Dec
Ulkuthu (U),Caarthick Raju,Justin Prabhakaran,Comedy,"Cast: Dinesh , Nandita , Bala Saravanan",48%,(U),Dec
Balloon (U/A),Sinish,Yuvan Shankar Raja,Horror,"Cast: Jai , Anjali , Janani Iyer, Chandini Tamilarasan, Yogi Babu",49%,(U/A),Dec
Maalai Nerathu Mayakkam (A),Geethanjali Selvaraghavan,Amrit,Love,"Cast: Bala Krishna Kola,, Wamiqa Gabbi, Parvathy Nair, Sharran, Kalyani Natarajan",56%,(A),Jan
Azhagu Kutti Chellam (U),Charles,Ved Shankar,Drama,"Cast: Aadukalam Naren, Karunas , Thambi Ramaiah, Ritwika, John Vijay, Akhil",54%,(U),Jan
Thaarai Thappattai (A),Bala,Ilaiyaraja,Love,"Cast: Sasikumar M, Varalaxmi Sarathkumar, G M Kumar, R.k Suresh, Gayathri Raguram, Anthony Daasan",52%,(A),Jan
Rajini Murugan (U),Ponram,Imman D,Comedy,"Cast: Sivakarthikeyan , Prabhu Ganesan, Keerthi Suresh, Soori, Rajkiran , Samuthirakani , Kanaka 
                                 Drama",58%,(U),Jan
Gethu (U),Thirukumaran,Harris Jayaraj,Action,"Cast: Udhayanidhi Stalin, Amy Jackson, Vikranth, Sathyaraj , Karunakaran , Mime Gopi",46%,(U),Jan
Irudhi Suttru (U),Sudha Kongara,Santhosh Narayanan,Sports,"Cast: Madhavan R, Ritikha Singh, Nassar , Radha Ravi , Mumtaz Sorcar, Kaali Venkat",71%,(U),Jan
Visaranai (U/A),Vetrimaaran,G.v. Prakash Kumar,Crime,"Cast: Dinesh , Samuthirakani , Aadukalam Murugadoss, Anandhi, Kishore",80%,(U/A),Feb
Saahasam (U),Arun Raj Varma,Thaman,Action,"Cast: Prashanth Thygarajan, Amanda, Nargis Fakhri, Nassar , Sonu Sood",45%,(U),Feb
Bangalore Naatkal (U),Baskar S,Gopi Sunder,Comedy,"Cast: Bobby Simha, Arya , Rana Daggubati, Lakshmi Rai, Parvathi Menon, Sri Divya, Samantha Prabhu",52%,(U),Feb
Jil Jung Juk (U/A),Dheeraj Vaidhy,Vishal Chandrasekhar,Comedy,"Cast: Siddharth Narayan, Radha Ravi , Nassar , R.j.balaji",54%,(U/A),Feb
Anjala (U),Thangam Saravanan,Gopi Sunder,Comedy,"Cast: Vimal , Nandita , Pasupathy , Imman Annachi",52%,(U),Feb
Miruthan (U/A),Shakthi Soundar Rajan,Imman D,Horror,"Cast: Jayam Ravi, Lakshmi Menon, Kaali Venkat, Sriman , Amit Bhargav",59%,(U/A),Feb
Sethupathi (U),Arun Kumar Aravind,Justin Prabhakaran,Action,"Cast: Vijay Sethupathi, Ramya Nambeesan, Vela Ramamoorthy",61%,(U),Feb
Kanithan (U),T.n. Santhosh,Sivamani,Action,"Cast: Adharvaa Murali, Catherine Tresa, Bhagyaraj K, Karunakaran , Mano Bala , Y Mahendran, Tarun Arora 
                                 Drama",49%,(U),Feb
Pokkiri Raja (U),Ramprakash Rayappa,Imman D,Romance,"Cast: Jiiva Choudry, Sibiraj , Hansika Motwani, Mano Bala , Mayilsamy , Yogi Babu",29%,(U),Mar
Sowcarpettai (A),V.c.vadivudayan,John Peter,Horror,"Cast: Srikanth Krishnamachari, Lakshmi Rai, Appukutty , Kota Srinivasa Rao, Ganja Karuppu, Singampuli",28%,(A),Mar
Pichaikkaran (U),Sasi,Vijay Antony,Action,"Cast: Vijay Antony, Satna Titus, Bagavathi Perumal",60%,(U),Mar
Kadhalum Kadanthu Pogum (U),Nalan Kumarasamy,Santhosh Narayanan,Love,"Cast: Vijay Sethupathi, Samuthirakani , Madonna Sebastian",60%,(U),Mar
Mapla Singam (U),Rajasekhar,N. R. Raghunanthan,Comedy,"Cast: Vimal , Anjali , Soori, Radha Ravi , Kaali Venkat, Jayaprakash , Yogi Babu",47%,(U),Mar
Pugazh (U),Manimaran,Vivek - Mervin,Action,"Cast: Jai , Surabhi, Karunas , R.j.balaji",48%,(U),Mar
Sawaari (U/A),Guhan Senniappan,Vishal Chandrasekhar,Thriller,"Cast: Benito Franklin, Sanam Shetty",48%,(U/A),Mar
Zero (U/A),Shiv Moha,Nivas K.prasanna,Romance,"Cast: Ashwin Kakumanu, Sshivada, Chakravarthy J.d.",60%,(U/A),Mar
Vaaliba Raja (U),Sai Gokul Ramnath,Radhan,Love,"Cast: Sethu , Santhanam , Vishakha Singh, Jayaprakash , Vtv Ganesh, Madhumitha",46%,(U),Mar
Thozha (U),Vamsi Paidipally,Gopi Sunder,Family,"Cast: Nagarjuna Akkineni, Karthik Sivakumar, Tamannah Bhatia, Vivek , Prakash Raj , Anushka Shetty",65%,(U),Mar
Darling 2 (U),Satish Chandrasekar,Radhan,Horror,"Cast: Kalaiyarasan, Rameez Raja, Kaali Venkat",44%,(U),Apr
Narathan (U),Naga Venkatesh,Mani Sharma,Comedy,"Cast: Nakul , Premji Amaren, Nikeesha Patel, Radha Ravi , Ms Bhaskar, Vaiyapuri, Mayilsamy",26%,(U),Apr
Hello Naan Pei Pesuren (U/A),Baskar S,Siddarth Vippin,Horror,"Cast: Vaibhav Reddy, Vtv Ganesh, Karunakaran , Oviya , Aishwarya Rajesh",46%,(U/A),Apr
Jithan 2 (U/A),Rahul,Srikanth Deva,Thriller,"Cast: Jithan Ramesh, Srushti Dange, Mayilsamy , Yogi Babu, Karunas , Robo Shankar",15%,(U/A),Apr
Theri (U),Atlee,G.v. Prakash Kumar,Action,"Cast: Vijay Chandrasekhar, Samantha Prabhu, Amy Jackson, Prabhu Ganesan, Raadhika Sarathkumar, Thambi Ramaiah, Rajendran 
                                 Drama",56%,(U),Apr
Vetrivel (U),Vasanthamani,Imman D,Action,"Cast: Sasikumar M, Mia George, Nikhila Vimal, Prabhu Ganesan, Ilavarasu",55%,(U),Apr
Manithan (U),Mueenuddin Ahmed,Santhosh Narayanan,Crime,"Cast: Udhayanidhi Stalin, Hansika Motwani, Vivek , Radha Ravi , Prakash Raj , Aishwarya Rajesh",58%,(U),Apr
24 (U),Vikram Kumar,A.r. Rahman,Sci-Fi,"Cast: Suriya Sivakumar, Samantha Prabhu, Nithya Menen, Sathyan , Saranya Ponvannan",68%,(U),May
Pencil (U/A),Mani Nagaraj,G.v. Prakash Kumar,Thriller,"Cast: Gv Prakash, Sri Divya, Urvashi , Vtv Ganesh",46%,(U/A),May
Ko 2 (U),Sarath,Leon James,Action,"Cast: Bobby Simha, Nikki Galrani, Prakash Raj , Bala Saravanan, John Vijay, Karunakaran , Nassar 
                                 Drama",47%,(U),May
Marudhu (U/A),Muthaiah,Imman D,Action,"Cast: Vishal Krishna, Sri Divya, Soori, Radha Ravi , Rk Suresh",54%,(U/A),May
Uriyadi (A),Vijaykumar,Masala Coffee & Anthony Daasan,Crime,"Cast: Vijayakumar , Mime Gopi, Chandru, Citizen Sivakumar, Henna Bella",65%,(A),May
Idhu Namma Aalu (U),Pandiraj,Kuralarasan,Love,"Cast: Silambarasan Rajendar, Nayantara , Soori, Andrea Jeremiah, Jayaprakash",51%,(U),May
Iraivi (U/A),Karthik Subburaj,Santhosh Narayanan,Romance,"Cast: S J Surya, Vijay Sethupathi, Bobby Simha, Kamalinee Mukherjee, Anjali , Pooja Devariya, Radha Ravi 
                                 Drama",63%,(U/A),Jun
Velainu Vandhutta Vellaikaaran (U),Ezhil S,Sathya,Comedy,"Cast: Vishnu Vishal, Nikki Galrani, Soori, Robo Shankar, Rajendran, Aadukalam Naren",53%,(U),Jun
Oru Naal Koothu (U),Nelson Venkat,Justin Prabhakaran,Love,"Cast: Dinesh , Miya George, Nivetha Pethuraj, Bala Saravanan, Ramesh Thilaganathan, Riythvika",60%,(U),Jun
Muthina Kathirikai (U),Venkat Raghavan,Siddarth Vippin,Comedy,"Cast: Sundar C, Poonam Bajwa, Vtv Ganesh, Yogi Babu, Sathish , Jayaprakash , R.j.balaji",47%,(U),Jun
Enakku Innoru Per Irukku (U/A),Sam Anton,G.v. Prakash Kumar,Comedy,"Cast: Gv Prakash, Anandhi, Rajendran, Yogi Babu, Vtv Ganesh",52%,(U/A),Jun
Raja Manthiri (U),Usha Krishnan,Justin Prabhakaran,Romance,"Cast: Kalaiyarasan, Kaali Venkat, Shaalin Zoya, Bala Saravanan",52%,(U),Jun
Amma Kanakku (U),Ashwiny Iyer Tiwari,Ilaiyaraja,Drama,"Cast: Amala Paul, Revathi , Samuthirakani , Yuva Lakshmi",53%,(U),Jun
Metro (A),Ananda Krishnan,Johan Shevanesh,Drama,Cast: Bobby Simha,60%,(A),Jun
Jackson Durai (U/A),Tharanitharan,Siddarth Vippin,Horror,"Cast: Sathyaraj , Sibiraj , Karunakaran , Yogi Babu",43%,(U/A),Jul
Appa (U),Samudirakanni,Ilaiyaraja,Drama,,48%,(U),Jul
Dhilluku Dhuddu (U/A),Rambala,S. Thaman,Comedy,"Cast: Santhanam , Shanaya, Karunas , Anandaraj, Mayilsamy",50%,(U/A),Jul
Kabali (U),Pa Ranjith,Santhosh Narayanan,Action,"Cast: Rajinikanth , Radhika Apte, Dhansika , Kalaiyarasan, Nassar , Dinesh , Kishore 
                                 Drama",60%,(U),Jul
Tamilselvanum Thaniyar Anjalum (U),Prem Sai,Karthik,Comedy,"Cast: Jai , Santhanam , Yami Gautam, Vtv Ganesh, Thambi Ramaiah, Nassar",49%,(U),Aug
Thirunaal (U/A),Sp Ramnath,Sri,Drama,"Cast: Jiiva Choudry, Nayantara , Karunas",40%,(U/A),Aug
Namadhu (U),Chandra Sekhar Yeleti,Mahesh Shankar,Family,"Cast: Mohanlal , Gauthami Nair",41%,(U),Aug
Mudinja Ivana Pudi (U),Ravikumar K.s.,Imman D,Action,"Cast: Sudeep , Nithya Menon, Nassar",45%,(U),Aug
Wagah (U),Kumaravelan Gnr,Imman D,Action,"Cast: Vikram Prabhu, Ranya Rao, Karunas , Sathyan",36%,(U),Aug
Joker (U),Rajumurugan,Sean Roldan,Social,"Cast: Somasundaram , Gayathri",72%,(U),Aug
Dharma Durai (U),Seenu Ramasamy,Yuvan Shankar Raja,Action,"Cast: Vijay Sethupathi, Tamannah Bhatia, Aishwarya Rajesh, Srushti Dange, Ganja Karuppu, Raadhika Sarathkumar, Ms Bhaskar",57%,(U),Aug
Nambiar (U/A),Ganeshaa,Vijay Antony,Comedy,"Cast: Srikanth Krishnamachari, Sunaina , Santhanam , Delhi Ganesh, Jayaprakash",40%,(U/A),Aug
Meendum Oru Kadhal Kadhai (U),Mithran Jawahar,G.v. Prakash Kumar,Love,"Cast: Walter Phillips, Isha Talwar , Nassar , Sangili Murugan",51%,(U),Aug
Kuttrame Thandanai (U/A),Manikandan,Ilaiyaraja,Crime,"Cast: Vidharth , Nassar , Aishwarya Rajesh, Pooja Devariya, Rahman , Yogi Babu",68%,(U/A),Sep
Kidari (U/A),Prasath Murugesan,Darbuka Siva,Action,"Cast: Sasikumar M, Nikhila Vimal, Suja Varunee, Napoleon , Vela Ramamoorthy",58%,(U/A),Sep
Iru Mugan (U/A),Anand Shankar,Harris Jayaraj,Action,"Cast: Vikram , Nayantara , Nithya Menen, Nassar , Thambi Ramaiah, Riythvika",55%,(U/A),Sep
Nayagi (U/A),Govi,Raghu Kunche,Thriller,"Cast: Trisha Krishnan, Ganesh Venkatraman, Mano Bala , Brahmanandam, Jayaprakash",23%,(U/A),Sep
Thodari (U),Prabhu Solomon,Imman D,Action,"Cast: Dhanush , Keerthi Suresh, Thambi Ramaiah, Karunakaran , Radha Ravi , Nassar",49%,(U),Sep
Aandavan Kattalai (U),Manikandan M,K,Comedy,"Cast: Vijay Sethupathi, Ritikha Singh, Nassar , Yogi Babu, Singampuli, Pooja Devariya",65%,(U),Sep
M.s. Dhoni: The Untold Story (U),Neeraj Pandey,"Amaal Mallik,sanjoy Chowdhury",Sports,"Cast: Sushant Singh, Disha Patani",63%,(U),Sep
Devi (U),Vijay A.l.,Sajid-wajid,Romance,"Cast: Tamannah Bhatia, Prabhudeva Sundaram, Sonu Sood, R.j.balaji, Amy Jackson, Nassar",58%,(U),Oct
Remo (U),Bakkiyaraj Kannan,Anirudh Ravichander,Love,"Cast: Sivakarthikeyan , Keerthi Suresh, Sathish , K.s. Ravikumar, Saranya Ponvannan, Yogi Babu, Rajendran",52%,(U),Oct
Rekka (U),Rathinasiva,Imman D,Family,"Cast: Lakshmi Menon, Vijay Sethupathi, Sathish , Harish Uthaman, Sija Rose",54%,(U),Oct
Ammani (U),Lakshmi Ramakrishnan,K,Drama,"Cast: Lakshmy Ramakrishnan, Subbalakshmi , Nithin Sathya",63%,(U),Oct
Kodi (U),R. S. Durai Senthilkumar,Santhosh Narayanan,Action,"Cast: Dhanush , Trisha Krishnan, Anupama Parameshwaran, Saranya Ponvannan, Karunas , Kaali Venkat",61%,(U),Oct
Kaashmora (U/A),Gokul,Santhosh Narayanan,Adventure,"Cast: Karthik Sivakumar, Nayantara , Sri Divya, Vivek , Madhumitha",56%,(U/A),Oct
Achcham Yenbadhu Madamaiyada (U),Gautham Menon,A.r. Rahman,Love,"Cast: Silambarasan Rajendar, Manjima Mohan, Baba Sehgal, Daniel Balaji, Sathish Krishnan",51%,(U),Nov
Meen Kuzhambum Mann Paanaiyum (U),Amudeshwar,Imman D,Fantasy,"Cast: Prabhu Ganesan, Kamal Haasan, Ashna Zaveri, Pooja Kumar, Ms Bhaskar, Urvashi",41%,(U),Nov
Kadavul Irukaan Kumaru (U),Rajesh M,G.v. Prakash Kumar,Comedy,"Cast: Gv Prakash, Nikki Galrani, Anandhi, Singampuli, Rajendran, Robo Shankar, R.j.balaji",42%,(U),Nov
Kavalai Vendam (U/A),Deekay,Leon James,Comedy,"Cast: Jiiva Choudry, Kajal Agarwal, Bobby Simha, Sunaina , Bala Saravanan, Mano Bala , Mayilsamy 
                                 Drama",56%,(U/A),Nov
Saithan (U/A),Pradeep Krishnamoorthy,Vijay Antony,Horror,"Cast: Vijay Antony, Arundhati Nair, Y. G. Mahendra, Ramya Nambeesan, Aadukalam Murugadoss",58%,(U/A),Dec
Maaveeran Kittu (U),Suseendran,Imman D,Classics,"Cast: Vishnu Vishal, Sridivya, Parthiban , Soori, Harish Uthaman",60%,(U),Dec
Chennai 600028 - 2 (U),Venkat Prabhu,Yuvan Shankar Raja,Sports,"Cast: Premji Amaren, Jai , Shiva , Aravind Akash, Nithin Sathya, Vijay Vasanth, Vaibhav Reddy 
                                 Drama",63%,(U),Dec
Veera Sivaji (U),Ganesh Vinayak,Imman D,Action,"Cast: Vikram Prabhu, Shamili, Robo Shankar, Yogi Babu, Vtv Ganesh",35%,(U),Dec
Balle Vellaiyathevaa (U),Solai Prakash,Darbuka Siva,Comedy,"Cast: Sasikumar M, Kovai Sarala, Sangili Murugan, Tanya Ravichandran",35%,(U),Dec
Kaththi Sandai (U),Suraj,Hiphop Tamizha,Comedy,"Cast: Vishal Krishna, Tamannah Bhatia, Soori, Vadivelu , Jagapati Babu, Jayaprakash",40%,(U),Dec
Dhuruvangal Pathinaaru (U/A),Karthick Naren,Jakes Bejoy,Thriller,"Cast: Rahman , Prakash Vijayaraghavan, Anjana Jayaprakash",69%,(U/A),Dec
I 2015 (U/A),Shankar S,A.r. Rahman,Romance,"Cast: Vikram , Amy Jackson, Santhanam , Suresh Gopi, Upen Patel",62%,(U/A),Jan
Aambala (U),Sundar C,Hiphop Tamizha,Comedy,"Cast: Vishal Krishna, Hansika Motwani, Ramya Krishnan, Prabhu Ganesan, Santhanam , Vaibhav Reddy, Sathish 
                                 Drama",49%,(U),Jan
Darling (U/A),Sam Anton,G.v. Prakash Kumar,Horror,"Cast: Gv Prakash, Karunas , Nikki Galrani, Rajendran, Bala Saravanan",53%,(U/A),Jan
Isai (U/A),Suryah S.j.,S J Suryah,Love,"Cast: S J Surya, Savitri , Sathyaraj , Thambi Ramaiah, Ganja Karuppu, Jayaprakash",59%,(U/A),Jan
Yennai Arindhaal (U/A),Gautham Menon,Harris Jayaraj,Action,"Cast: Ajith Kumar, Anushka Shetty, Arun Vijay, Vivek , Trisha Krishnan, Daniel Balaji, Thalaivasal Vijay 
                                 Drama",63%,(U/A),Feb
Anegan (U),K.v Anand,Harris Jayaraj,Fantasy,"Cast: Dhanush , Amyra Dastur, Karthik Muthuraman, Ashish Vidyarthi, Jagan, Thalaivasal Vijay",67%,(U),Feb
Sandamarudham (U/A),A Venkatesh,James Vasanthan,Action,"Cast: Sarathkumar R, Samuthirakani , Oviya , Meera Nandan, Radha Ravi , Thambi Ramaiah, Vijayakumar 
                                 Drama",45%,(U/A),Feb
Tamiluku En Ondrai Aluthavum (U),Ramprakash Rayappa,Radhan,Drama,"Cast: Nakul , Dinesh , Bindu Madhavi, Urvashi , Sathish",55%,(U),Feb
Kakki Sattai (U),Senthil,Anirudh Ravichander,Action,"Cast: Sivakarthikeyan , Sri Divya, Prabhu Ganesan, Mano Bala , Imman, Yogi Babu, Mayilsamy",55%,(U),Feb
Enakkul Oruvan (U),Prasad Kumar,Santhosh Narayanan,Mystery,"Cast: Siddharth Narayan, Deepa Sannidhi, Ajay Rathnam, Aadukalam Naren",62%,(U),Mar
Rajathanthiram (U),Ag Amid,G.v. Prakash Kumar,Crime,"Cast: Veera Bahu, Regina Cassandra, Ilavarasu, Aadukalam Naren",65%,(U),Mar
Katham Katham (U/A),Babu Thooyavan,Tanjoor,Drama,"Cast: Nandha Durairaj,",41%,(U/A),Mar
Valiyavan (U),Saravanan M,Imman D,Romance,"Cast: Jai , Andrea Jeremiah, Bala Saravanan",36%,(U),Mar
Komban (U/A),Muthaiah,G.v. Prakash Kumar,Action,"Cast: Karthik Sivakumar, Lakshmi Menon, Rajkiran , Kovai Sarala, Karunas , Thambi Ramaiah",51%,(U/A),Apr
Nanbenda (U),Jagadish,Harris Jayaraj,Romance,"Cast: Udhayanidhi Stalin, Santhanam , Nayantara",37%,(U),Apr
Ok Kanmani (U/A),Mani Ratnam,A.r. Rahman,Love,"Cast: Dulquer Salman , Nithya Menon, Prakash Raj , Kanika Subramaniam",70%,(U/A),Apr
Vai Raja Vai (U),Aishwarya Dhanush,Yuvan Shankar Raja,Thriller,"Cast: Gautham Karthik, Priya Anand, Taapsee Pannu, Vivek , Daniel Balaji, Sathish , Ms Bhaskar 
                                 Drama",58%,(U),May
Uttama Villain (U),Ramesh Aravind,Ghibran M,Drama,"Cast: Kamal Haasan, Pooja Kumar, Jayaram , Nassar , Andrea Jeremiah, Urvashi , Ms Bhaskar",65%,(U),May
India Pakistan (U),N. Anand,Deena Devarajan,Romance,"Cast: Vijay Antony, Sushma Raj, Pasupathy , Yogi Babu, Mano Bala , Kaali Venkat, Ms Bhaskar",51%,(U),May
36 Vayadhinile (U),Rosshan Andrrews,Santhosh Narayanan,Family,"Cast: Jyotika Saravanan, Rahman , Devadarshini, Abhirami , Nassar , Delhi Ganesh, Jayaprakash 
                                 Drama",63%,(U),May
Demonte Colony (U/A),Ajay Gnanamuthu,Keba Jeramiah,Thriller,"Cast: Arulnidhi , Ms Bhaskar, Singampuli, Madhumitha , Yogi Babu, Ramesh Thilaganathan",62%,(U/A),May
Masss (U),Venkat Prabhu,Yuvan Shankar Raja,Thriller,"Cast: Suriya Sivakumar, Nayantara , Premji Amaren, Jayaram , Karunas , Parthiban , Sriman 
                                 Drama",58%,(U),May
Kaaka Muttai (U),Manikandan,G.v. Prakash Kumar,Children,"Cast: Ramesh Thilaganathan, Vignesh J, Aishwarya Rajesh, Babu Antony, Silambarasan Rajendar, Yogi Babu",80%,(U),Jun
Romeo Juliet (U),Laxman,Imman D,Love,"Cast: Jayam Ravi, Hansika Motwani, Poonam Bajwa, Vamsee Krishna , Vtv Ganesh, Arya",52%,(U),Jun
Eli (U),Yuvaraj Dhayalan,Vidyasagar,Comedy,"Cast: Vadivelu , Sadha , Pradeep Rawat, Santhana Bharathi, Rajendran",40%,(U),Jun
Kaaval (U/A),V.r. Nagendran,G.v. Prakash Kumar,Action,"Cast: Vimal , Samuthirakani , Ms Bhaskar, Imman Annachi, Sneha",36%,(U/A),Jun
Indru Netru Naalai (U),R Ravikumar,Hiphop Tamizha,Sci-Fi,"Cast: Vishnu Vishal, Mia George, Karunakaran , Jayaprakash , Arya",68%,(U),Jun
Sathya Prabhas Pinisetty,Sathya Prabhas Pinisetty,54%,Drama,,Storyline:,(U/A),Jun
Papanasam (U),Jeethu Jospeh,Ghibran M,Crime,"Cast: Kamal Haasan, Nivetha Thomas, Kalabhavan Mani, Ms Bhaskar, Gouthami Tadimalla, Charlie, Delhi Ganesh 
                                 Drama",73%,(U),Jul
Baahubali (tamil) (U/A),S S Rajamouli,M M Keeravani,Adventure,"Cast: Prabhas, Rana Daggubati, Anushka Shetty, Tamannah Bhatia, Ramya Krishnan, Sathyaraj , Sudeep 
                                 Drama",71%,(U/A),Jul
Maari (U),Balaji Mohan,Anirudh Ravichander,Action,"Cast: Dhanush , Kajal Agarwal, Robo Shankar, Kaali Venkat, Anirudh Ravichander, Vijay Yesudas, Mime Gopi",53%,(U),Jul
Naalu Policeum Nalla Iruntha Oorum (U),N.j.srikrishna,R.a.raja,Comedy,"Cast: Arulnidhi , Remya Nambeesan, Yogi Babu, Bhagavathy, Singampuli",50%,(U),Jul
Orange Mittai (U),Biju Vishwanath,Justin Prabhakaran,Comedy,"Cast: Vijay Sethupathi, Ramesh Thilaganathan, Karunakaran , Ashok Selvan, Bobby Simha",58%,(U),Jul
Idhu Enna Maayam (U),Vijay A.l.,G.v. Prakash Kumar,Love,"Cast: Vikram Prabhu, Keerthi Suresh, Nassar , Ambika , R.j.balaji, Charlie",50%,(U),Jul
Sakalakalavallan (U),Suraj,Thaman,Action,"Cast: Jayam Ravi, Anjali , Trisha Krishnan, Soori, Prabhu Ganesan, Vivek , Rajendran 
                                 Drama",28%,(U),Jul
Selvandhan (U/A),Koratala Siva,Devi Sri Prasad,Action,"Cast: Mahesh Babu, Shruthi Haasan, Jagapati Babu, Brahmanandam, Rajendra Prasad, Sukanya",62%,(U/A),Aug
Chandi Veeran (U),Sarkunam A,S.n.arunagiri,Action,"Cast: Adharvaa Murali, Anandhi, Lal , Bose Venkat",55%,(U),Aug
Vasuvum Saravananum Onna Padichavanga (U),Rajesh M,Imman D,Comedy,"Cast: Arya , Santhanam , Tamannah Bhatia, Bhanu , Vidyullekha Raman, Karunakaran , Vishal Krishna 
                                 Drama",54%,(U),Aug
Vaalu (U),Vijay Chandar,Thaman,Love,"Cast: Silambarasan Rajendar, Hansika Motwani, Santhanam , Brahmanandam, Vtv Ganesh, Mantra , Aadukalam Naren 
                                 Drama",51%,(U),Aug
Thani Oruvan (U),Jayam Raja,Hiphop Tamizha,Action,"Cast: Jayam Ravi, Nayantara , Arvind Swamy, Thambi Ramaiah, Nassar , Vamsee Krishna , Jayaprakash 
                                 Drama",77%,(U),Aug
Paayum Puli (2015) (U),Suseendran,Hiphop Tamizha,Action,"Cast: Vishal Krishna, Kajal Agarwal, Soori, Samuthirakani , Anandaraj, Jayaprakash , Harish Uthaman 
                                 Drama",52%,(U),Sep
Yatchan (U),Vishnuvardan,Yuvan Shankar Raja,Action,"Cast: Arya , Krishna Kulasekaran, Swathi Reddy, Deepa Sannidhi, Kishore , Adil Hussain, Ponvannan 
                                 Drama",43%,(U),Sep
Strawberry (U),Pa. Vijay,Tajnoor,Horror,"Cast: Pa.vijay, Samuthirakani , Devayani , Robo Shankar",40%,(U),Sep
Trisha Ilana Nayanthara (A),Aadhik,G.v. Prakash Kumar,Love,"Cast: Gv Prakash, Anandhi, Manisha Yadav, Simran Bagga, Vtv Ganesh, Priya Anand, Robo Shankar",53%,(A),Sep
Unakenna Venum Sollu (U/A),Srinath Ramalingam,Sivasaravanan,Thriller,"Cast: Deepak Paramesh, Jaqlene Prakash , Gunalan Morgan, Mime Gopi",50%,(U/A),Sep
Puli (U),Simbhudevan,Devi Sri Prasad,Adventure,"Cast: Vijay Chandrasekhar, Prabhu Ganesan, Shruthi Haasan, Hansika Motwani, Sudeep , Sridevi Kapoor, Robo Shankar 
                                 Drama",43%,(U),Oct
Sivappu (U),Sathyasiva,N R Raghunathan,Action,"Cast: Vishal,",49%,(U),Oct
Rudhramadevi (U/A),Gunasekhar,Ilaiyaraja,Adventure,"Cast: Anushka Shetty, Allu Arjun, Rana Daggubati, Prakash Raj , Catherine Tresa, Nithya Menon, Prakash Raj 
                                 Drama",48%,(U/A),Oct
10 Endrathukulla (U),S.d Vijay Milton,Imman D,Action,"Cast: Vikram , Samantha Prabhu, Pasupathy , Mano Bala , Ramadoss, Charmi",48%,(U),Oct
Naanum Rowdy Dhaan (U/A),Vignesh Shivan,Anirudh Ravichander,Love,"Cast: Vijay Sethupathi, Nayantara , Anandaraj, Parthiban , Raadhika Sarathkumar, Rajendran, R.j.balaji",63%,(U/A),Oct
Thoongavanam (U/A),Rajesh Selvam,Ghibran M,Thriller,"Cast: Kamal Haasan, Trisha Krishnan, Prakash Raj , Yugi Sethu, Sampath Raj, Kishore",58%,(U/A),Nov
Vedalam (U),Siva,Anirudh Ravichander,Action,"Cast: Ajith Kumar, Shruthi Haasan, Lakshmi Menon, Appukutty , Mayilsamy , Thambi Ramaiah, Rajendran 
                                 Drama",54%,(U),Nov
Oru Naal Iravil (U),Anthony,Navin,Thriller,"Cast: Sathyaraj , Yugi Sethu, Kalyani Natarajan",55%,(U),Nov
Inji Idupazhagi (U/A),Prakash Kovelamudi,M M Keeravani,Love,"Cast: Arya , Anushka Shetty, Sonal Chauhan, Prakash Raj , Urvashi , Brahmanandam",51%,(U/A),Nov
Manikandan G,Manikandan G,Sean Roldan,Drama,"Cast: Ashok Selvan, Shiva , Oviya",45%,(U),Nov
Urumeen (U/A),Sakthivel Perumal Saamy,Achu,Action,"Cast: Bobby Simha, Kalaiyarasan, Reshmi Menon, Charlie, Mano Bala , Kaali Venkat",56%,(U/A),Dec
Eetti (U),Ravi Arasu,G.v. Prakash Kumar,Sports,"Cast: Adharvaa Murali, Sri Divya, Jayaprakash , Kaali Venkat",59%,(U),Dec
Thangamagan (U),Velraj K,Anirudh Ravichander,Love,"Cast: Dhanush , Samantha Prabhu, Amy Jackson, Raadhika Sarathkumar, K.s. Ravikumar, Sathish , Jayaprakash 
                                 Drama",55%,(U),Dec
Bhoologam (U),N Kalyanakrishnan,Srikanth Deva,Sports,"Cast: Jayam Ravi, Trisha Krishnan, Prakash Raj , Ponvannan",53%,(U),Dec
Pasanga 2 - Haiku (U),Pandiraj,Arrol Corelli,Children,"Cast: Suriya Sivakumar, Amala Paul, Bindu Madhavi, Ramadoss, Karthik Kumar, Vidya Pradeep",65%,(U),Dec
Veeram (U),Siva,Devi Prasad,Action,"Cast: Ajith Kumar, Tamannah Bhatia, Nassar , Santhanam , Vidharth , Thambi Ramaiah, Appukutty 
                                 Drama",62%,(U),Jan
Malini 22 Palayamkottai (U),Sripriya,Aravind-shankar,Drama,,47%,(U),Jan
Goli Soda (U),S.d Vijay Milton,S.n.arunagiri,Drama,"Cast: Kishore , Sree Raam, Imman Annachi, Chandhini",69%,(U),Jan
Inga Enna Solluthu (U),Vincent Selva,Dharan,Comedy,"Cast: Vtv Ganesh, Meera Jasmine, Santhanam , Silambarasan Rajendar, Andrea Jeremiah, Pandiarajan",24%,(U),Jan
Rummy (U),S Praveen Kumar,Imman D,Love,"Cast: Vijay Sethupathi, Gayathri, Inigo Prabakaran , Soori",48%,(U),Jan
Pannaiyarum Padminiyum (U),S. U. Arun Kumar,Justin Prabhakaran,Comedy,"Cast: Vijay Sethupathi, Jayaprakash , Aishwarya Rajesh, Sneha , Bala Saravanan",63%,(U),Feb
Puli Vaal (U),Marimuthu G,N R Raghunathan,Love,"Cast: Vimal , Prasanna , Oviya , Ananya , Iniya , Soori",43%,(U),Feb
Jilla (U),Nesan,Imman D,Action,"Cast: Vijay Chandrasekhar, Mohanlal , Kajal Agarwal, Soori, Poornima Bhagyaraj, Sampath Raj, Mahat Raghavendra 
                                 Drama",55%,(U),Feb
Ithu Kathirvelan Kadhal (U),Prabhakaran,Harris Jayaraj,Love,"Cast: Udhayanidhi Stalin, Nayantara , Santhanam , Chaya Singh, Sunder Ramu",56%,(U),Feb
Aaha Kalyanam (U/A),A Gokul Krishna,Dharan,Drama,"Cast: Nani,",57%,(U/A),Feb
Thegidi (U),P. Ramesh,Nivas K.prasanna,Mystery,"Cast: Ashok Selvan, Janani Iyer, Jayaprakash , Kaali Venkat",68%,(U),Feb
Vallinam (U),Arivazhagan,Thaman,Sports,"Cast: Nakul , Mrudhula Basker, Jagan, Jayaprakash",58%,(U),Feb
Nimirndhu Nil (U),Samudirakanni,G.v. Prakash Kumar,Action,"Cast: Jayam Ravi, Amala Paul, Sarathkumar R, Ragini Dwivedi, Nassar , Soori, Thambi Ramaiah",55%,(U),Mar
Cuckoo (U),Rajumurugan,Santhosh Narayanan,Love,Cast: Dinesh,67%,(U),Mar
Inam (U),Santosh Sivan,Vishal Chandrasekhar,War,"Cast: Sugandha Garg, Karunas , Saritha",71%,(U),Mar
Nedunchalai (U/A),Krishna N,Sathya,Drama,"Cast: Aari Arjuna,",55%,(U/A),Mar
Maan Karate (U),Thirukumaran,Anirudh Ravichander,Sports,"Cast: Sivakarthikeyan , Hansika Motwani, Sayaji Shinde, Sathish , Soori",47%,(U),Apr
Oru Kanniyum Moonu Kalavanigalum (U),Simbhudevan,Natarajan Sankaran,Fantasy,"Cast: Arulnidhi , Bindu Madhavi, Bhagavathy, Ashrita, Nassar , Jayaprakash , Aadukalam Naren 
                                 Drama",56%,(U),Apr
Naan Sigappu Manithan (U/A),Thiru Krishnamoorthy,G.v. Prakash Kumar,Action,"Cast: Vishal Krishna, Lakshmi Menon, Iniya , Jagan, Sunder Ramu, Saranya Ponvannan",58%,(U/A),Apr
Jagajala Pujabala Tenaliraman (U),Yuvaraj Dhayalan,Imman D,Social,"Cast: Vadivelu , Radha Ravi , Meenaxi Dixit, Mano Bala",54%,(U),Apr
Damaal Dumeel (U/A),Shree,Thaman,Crime,"Cast: Vaibhav Reddy, Remya Nambeesan, Kota Srinivasa Rao, Sayaji Shinde, Charlie",56%,(U/A),Apr
Ennamo Nadakuthu (U/A),Rajapandi P,Premgi Amaren,Thriller,"Cast: Vijay Vasanth, Prabhu Ganesan, Rahman",58%,(U/A),Apr
Vaayai Moodi Pesavum (U),Balaji Mohan,Sean Roldan,Comedy,"Cast: Dulquer Salman , Nazriya Nazim, Madhoo, Pandiarajan , Arjunan, John Vijay, Robo Shankar 
                                 Drama",65%,(U),Apr
Yennamo Yedho (U),Ravi Thiyagarajan,Imman D,Romance,Cast: Gautham Karthik,33%,(U),Apr
Nee Enge En Anbe (U/A),Sekhar Kammula,M M Keeravani,Drama,"Cast: Nayantara , Pasupathy , Vaibhav Reddy",56%,(U/A),May
Yaamirukka Bayamey (U/A),Dee Kay,S.n.prasath,Thriller,"Cast: Krishna Kulasekaran, Oviya , Rupa Manjari, Karunakaran , Mayilsamy",60%,(U/A),May
Vallavanukku Pullum Ayudham (U),Srinath,Siddarth Vippin,Comedy,"Cast: Santhanam , Ashna Zaveri",44%,(U),May
Kochadaiiyaan (U),Soundarya Rajnikanth,A.r. Rahman,Animation,"Cast: Rajinikanth , Deepika Padukone, Aadhi , Nassar , Shobana , Jackie Shroff, Sarathkumar R 
                                 Drama",60%,(U),May
Manjapai (U),Naveen Raghavan,N R Raghunathan,Drama,"Cast: Vimal , Lakshmi Menon, Rajkiran",46%,(U),Jun
Un Samayal Araiyil (U),Prakash Raj,Ilaiyaraja,Family,"Cast: Prakash Raj , Sneha",50%,(U),Jun
Mundasupatti (U),Ram,Sean Roldan,Comedy,"Cast: Vishnu Vishal, Nandita , Kaali Venkat, Ramadoss",63%,(U),Jun
Athithi (U/A),Bharathan,Bharadwaj,Drama,"Cast: Nikesh Ram,",46%,(U/A),Jun
Saivam (U),Vijay A.l.,G.v. Prakash Kumar,Family,"Cast: Nassar , Sara Arjun, Vidya Pradeep",64%,(U),Jun
Arima Nambi (U),Anand Shankar,Sivamani,Thriller,"Cast: Vikram Prabhu, Priya Anand, Lekha Washington, Ms Bhaskar",58%,(U),Jul
Gnana Rajasekaran,Gnana Rajasekaran,Ramesh Vinayagam,Drama,"Cast: Abhinay Vaddi, Bhama",56%,(U),Jul
H Vinod,H Vinod,Sean Roldan,Drama,"Cast: Natraj, Ishara Nair, Ponvannan",67%,(U),Jul
Velai Illa Pattathari (U),Velraj K,Anirudh Ravichander,Drama,"Cast: Dhanush , Amala Paul, Saranya Ponvannan, Samuthirakani , Vivek , Surabhi",65%,(U),Jul
Anis,Anis,Ghibran M,Romance,"Cast: Jai , Nazriya Nazim, Pandiarajan , Mayilsamy",41%,(U),Jul
Jigarthanda (U/A),Karthik Subburaj,Santhosh Narayanan,Action,"Cast: Siddharth Narayan, Lakshmi Narayan, Bobby Simha, Karunakaran , Vijay Sethupathi, Aadukalam Naren, Delhi Ganesh 
                                 Drama",76%,(U/A),Aug
Sarabham (U/A),Arun Mohan,Britto Michael,Crime,"Cast: Naveen Chandra, Saloni Luthra, Aadukalam Naren",58%,(U/A),Aug
Anjaan (U),Lingusamy N,Yuvan Shankar Raja,Action,"Cast: Suriya Sivakumar, Samantha Prabhu, Vidyut Jamwal, Manoj Bajpai, Soori, Brahmanandam",39%,(U),Aug
Kathai Thiraikadhai Vasanam Iyakkam,Parthiban R,Sathya,Drama,"Cast: Santhosh Pratap, Akhila Kishore, Thambi Ramaiah",60%,,Aug
L.g.ravichandar,L.g.ravichandar,Simon,,,36%,(U),Aug
Salim (U/A),Nirmal Kumar,Vijay Antony,Crime,"Cast: Vijay Antony, Aksha Pardasany",54%,(U/A),Aug
Irumbu Kuthirai (U),Yuvaraj,G.v. Prakash Kumar,Action,"Cast: Adharvaa Murali, Priya Anand, Johnny Tri Nguyen, Lakshmi Rai, Jagan, Mano Bala , Mayilsamy 
                                 Drama",35%,(U),Aug
Amara Kaaviyam (U/A),Jeeva Sankar,Ghibran M,Love,"Cast: Sathya , Mia George, Thambi Ramaiah",49%,(U/A),Sep
Thanukumar,Thanukumar,M.s. Jones,Thriller,"Cast: Harish Kalyan, Aadukalam Naren, Ajay Rathnam, Mayilsamy",53%,,Sep
Tharanitharan,Tharanitharan,Sudharshan M Kumar,Drama,"Cast: Michael Thangadurai, Reshmi Menon",50%,(U/A),Sep
Sigaram Thodu (U),Gaurav,Imman D,Action,"Cast: Vikram Prabhu, Monal Gajjar, Sathyaraj , Gaurav Narayanan, K.s. Ravikumar, Kovai Sarala, Sathish 
                                 Drama",60%,(U),Sep
Raj Mohan,Raj Mohan,Yuvan Shankar Raja,Drama,,41%,(U),Sep
Sundar C,Sundar C,Bharadwaj,Comedy,"Cast: Vinay Rai, Hansika Motwani, Andrea Jeremiah, Lakshmi Rai, Santhanam , Nithin Sathya, Kovai Sarala 
                                 Drama",52%,(U/A),Sep
Aadama Jaichomada (U),Badri,Sean Roldan,Comedy,"Cast: Bobby Simha, Karunakaran , Vijayalakshmi Ahathian, Radha Ravi , Balaji Venugopal",47%,(U),Sep
Madras (U/A),Pa Ranjith,Santhosh Narayanan,Action,"Cast: Karthik Sivakumar, Catherine Tresa, Kalaiyarasan, Ritwika",73%,(U/A),Sep
Jeeva (U),Suseendran,Imman D,Sports,"Cast: Vishnu Vishal, Sri Divya, Soori, Charlie",64%,(U),Sep
Ravi K Chandran,Ravi K Chandran,Harris Jayaraj,Love,"Cast: Jiiva Choudry, Thulasi Nair, Nassar , Arjunan, Premji Amaren, Prakash Raj , Thambi Ramaiah 
                                 Drama",33%,(U),Oct
Poojai (U/A),Hari,Yuvan Shankar Raja,Action,"Cast: Vishal Krishna, Shruthi Haasan, Sathyaraj , Soori, Jayaprakash , Mano Bala , Prathap Pothan 
                                 Drama",49%,(U/A),Oct
Kaththi (U),Murugadoss A.r.,Anirudh Ravichander,Social,"Cast: Vijay Chandrasekhar, Samantha Prabhu, Neil Nitin Mukesh, Sathish , Sayaji Shinde, Yuvina Parthavi",70%,(U),Oct
Farah Khan,Farah Khan,Vishal Shekar,Drama,Cast: Shah Rukh Khan,58%,,Oct
Lakshmi Ramakrishnan,Lakshmi Ramakrishnan,Madley Blues,Drama,"Cast: Pia Bajpai, Sruthi Hariharan, Shabeer, Thambi Ramaiah, Bala Saravanan, Thalaivasal Vijay, Viji Chandrasekhar",53%,(U),Oct
Oru Oorula Rendu Raja (U),Kannan R,Imman D,Comedy,"Cast: Vimal , Soori, Priya Anand, Vishakha Singh, Thambi Ramaiah, Nassar , Anupama Kumar",42%,(U),Nov
Jaihind 2 (U/A),Arjun Sarja,Arjun Janya,Action,"Cast: Arjun Sarja, Surveen Chawla, Brahmanandam, Mayilsamy , Mano Bala",43%,(U/A),Nov
Caarthick Raju,Caarthick Raju,Yuvan Shankar Raja,Drama,"Cast: Dinesh , Aishwarya Rajesh, Bala Saravanan, Nithin Sathya, Rajendran, John Vijay",58%,(U),Nov
Naaigal Jaakirathai (U),Shakthi Soundar Rajan,Dharan,Action,"Cast: Sibiraj , Arundhati , Mano Bala , Mayilsamy , Balaji Venugopal",58%,(U),Nov
Jai Krishna,Jai Krishna,N R Raghunathan,Drama,"Cast: Vijay Sethupathi, Krishna Kulasekaran, Sunaina",44%,(U/A),Nov
Kaaviya Thalaivan (U),Vasanthabalan,A.r. Rahman,Drama,"Cast: Siddharth Narayan, Prithviraj Sukumaran, Vedhika Kumar, Nassar , Anaika Soti , Thambi Ramaiah, Ponvannan",65%,(U),Nov
Lingaa (U),Ravikumar K.s.,A.r. Rahman,Action,"Cast: Rajinikanth , Anushka Shetty, Sonakshi Sinha, Jagapati Babu, Santhanam , Karunakaran , Brahmanandam 
                                 Drama",56%,(U),Dec
Pisasu (U/A),Myshkin,Arrol Corelli,Horror,"Cast: Naga , Prayaga, Radha Ravi",67%,(U/A),Dec
Kappal (U),Karthik G Krish,Natarajan Sankaran,Comedy,"Cast: Vaibhav Reddy, Vtv Ganesh, Karunakaran , Sonam Bajwa",50%,(U),Dec
Meagaamann (U/A),Magizh Thirumeni,Thaman,Action,"Cast: Arya , Hansika Motwani, Ashish Vidyarthi, Anupama Kumar",56%,(U/A),Dec
Kayal (U),Prabhu Solomon,Imman D,Drama,"Cast: Anandhi, Vincent, Chandran",62%,(U),Dec
Vellakara Durai (U),Ezhil S,Imman D,Drama,"Cast: Vikram Prabhu,",45%,(U),Dec
Alex Pandian (U),Suraj,Devi Prasad,Action,"Cast: Karthik Sivakumar, Anushka Shetty, Santhanam",27%,(U),Jan
Kanna Laddu Thinna Aasaiya (U),Manikandan,Thaman,Love,"Cast: Santhanam , Powerstar Sreenivasan, Sethu , Vishakha Singh",61%,(U),Jan
Vishwaroopam (U/A),Kamal Haasan,Shankar - Ehsaan - Loy,Action,"Cast: Kamal Haasan, Pooja Kumar, Isha Sharvani, Andrea Jeremiah",76%,(U/A),Jan
David (U),Bejoy Nambiar,Multiple Music Directors,Romance,"Cast: Vikram , Jiiva Choudry, Tabu , Neil Mukesh, Isha Sharvani",45%,(U),Feb
Kadal (U),Mani Ratnam,A.r. Rahman,Love,"Cast: Gautham Karthik, Arjun Sarja, Arvind Swamy, Thulasi Nair",45%,(U),Feb
A. M. R. Ramesh,A. M. R. Ramesh,Sandeep Chowta,,,55%,,Feb
Kumaravelan Gnr,Kumaravelan Gnr,Vijay Antony,Sci-Fi,"Cast: Kishore , Sneha",66%,(u),Feb
Aadhi Bhagavan (A),Ameer Sultan,Yuvan Shankar Raja,Action,"Cast: Jayam Ravi, Neetu Chandra",41%,(A),Feb
Selvakumar P.t.,Selvakumar P.t.,Kay,Comedy,"Cast: Vinay Rai, Premji Amaren, Sathyan , Lakshmi Rai",16%,(A),Mar
Selvakumar P.t.,Selvakumar P.t.,Kay,Comedy,"Cast: Vinay Rai, Premji Amaren, Sathyan , Lakshmi Rai",16%,(A),Mar
Paradesi (U),Bala,G.v. Prakash Kumar,Classics,"Cast: Adharvaa Murali, Vedhika Kumar, Dhansika",74%,(U),Mar
Vathikuchi (U/A),Kinslin,Ghibran M,Drama,"Cast: Dileepan,",51%,(U/A),Mar
Kedi Billa Killadi Ranga (U),Pandiraj,Yuvan Shankar Raja,Comedy,"Cast: Sivakarthikeyan , Vimal , Regina Cassandra, Bindu Madhavi",56%,(U),Mar
Shaheed Kader,Shaheed Kader,Mejo Joseph,Thriller,"Cast: Sarathkumar R, Cheran , Prakash Raj , Prasanna",60%,(U),Mar
Settai (U),Kannan R,Thaman,Drama,"Cast: Arya,",49%,(U),Apr
Udhayam Nh4 (U),Manimaran,G.v. Prakash Kumar,Action,"Cast: Siddharth Narayan, Ashrita",58%,(U),Apr
Gouravam (U),Radhamohan,Thaman,Social,"Cast: Prakash Raj , Allu Sirish, Yami Gautam, Harish Uthaman, Nassar , Sricharan",43%,(U),Apr
Yaaruda Mahesh (A),R. Madhan Kumar,Gopi Sunder,Drama,"Cast: Sundeep Kishan,",48%,(A),Apr
Naan Rajavaga Pogiren (U),Prithvi Rajkumar,G.v. Prakash Kumar,Action,"Cast: Nakul,",48%,(U),Apr
Moondru Per Moondru Kaadhal (U),Vasanth,Yuvan Shankar Raja,Romance,"Cast: Arjun Sarja, Cheran , Vimal , Bhanu , Surveen Chawla, Shruti Mohan",41%,(U),May
Soodhu Kavvum (U/A),Nalan Kumarasamy,Santhosh Narayanan,Crime,"Cast: Vijay Sethupathi, Sanchita Shetty, Karunakaran , Ashok Selvan, Bobby Simha, Ramesh Thilaganathan",76%,(U/A),May
Ethir Neechal (U),Senthil,Anirudh Ravichander,Sports,"Cast: Sivakarthikeyan , Priya Anand, Jayaprakash , Nandita Sweta, Mano Bala , Madhan Bob, R.j.balaji",63%,(U),May
"Nagaraja Cholan Ma, Mla",Manivannan,James Vasanthan,Social,"Cast: Sathyaraj , Seeman Sebastian",43%,,May
Neram (U),Alphonse Putharen,Rajesh Murugesan,Comedy,"Cast: Nivin Pauly, Nazriya Nazim, Nassar , Bobby Simha, Ramesh Thilaganathan, Charlie",60%,(U),May
Kutti Puli (U),Muthaiah,Ghibran M,Family,"Cast: Sasikumar M, Lakshmi Menon",33%,(U),May
Thillu Mullu (U),Badri,"Yuvan Shankar Raja, M.s.viswanathan",Drama,"Cast: Siva,",53%,(U),Jun
Theeya Velai Seiyyanum Kumaru (U),Sundar C,Sathya,Drama,"Cast: Siddharth Narayan, Ashrita",64%,(U),Jun
Annakodiyum Kodiveeranum,Bharathiraja,G.v. Prakash Kumar,Love,"Cast: Manoj Bharathiraja, Iniya , Karthika Nair",33%,,Jun
Ambikapathy (U/A),Anand L Rai,A.r. Rahman,Love,"Cast: Dhanush , Sonam Kapoor",60%,(U/A),Jun
Singam 2 (U),Hari,Devi Prasad,Action,"Cast: Suriya Sivakumar, Anushka Shetty, Hansika Motwani, Santhanam , Vivek , Nassar",60%,(U),Jul
Mariyaan (U),Bharat Bala,A.r. Rahman,Action,"Cast: Dhanush , Parvathi Menon, Jagan, Imman Annachi",62%,(U),Jul
Sonna Puriyadhu (U),Krishnan Jayaraj,Yathish Mahadev,Comedy,"Cast: Shiva , Vasundhara Kashyap",42%,(U),Jul
Pattathu Yaanai (U),Boopathy Pandian,Thaman,Action,"Cast: Vishal Krishna, Aishwarya Arjun, Santhanam",42%,(U),Jul
Thalaivaa (U),Vijay A.l.,G.v. Prakash Kumar,Action,"Cast: Vijay Chandrasekhar, Amala Paul, Sathyaraj , Santhanam , Ragini Nandwani, Ponvannan , Nassar 
                                 Drama",53%,(U),Aug
555 (U),Sasi,Simon,Drama,"Cast: Bharath,",56%,(U),Aug
Aadhalal Kadhal Seiveer,Suseendran,Yuvan Shankar Raja,Drama,"Cast: Santhosh Ramesh,",69%,,Aug
Desingu Raja,Ezhil S,Imman D,Comedy,"Cast: Vimal , Bindu Madhavi",41%,,Aug
Thanga Meengal (U),Ram,Yuvan Shankar Raja,Children,"Cast: Padmapriya Janakiraman, Ram , Sadhana, Sally",69%,(U),Aug
Ponmaalai Pozhudhu (U),Durai A.c.,Sathya,Love,"Cast: Aadhav Kannadasan, Gayathri",27%,(U),Aug
Varuthapadatha Valibar Sangam (U),Ponram,Imman D,Comedy,"Cast: Sivakarthikeyan , Soori, Sri Divya, Sathyaraj",61%,(U),Sep
Moodar Koodam (U),Naveen,Natarajan Sankaran,Crime,Cast: Naveen,62%,(U),Sep
Ya Yaa (U),Rajasekaran,Vijay Ebenezer,Romance,"Cast: Santhanam , Powerstar Srinivasan, Shiva , Remya Nambeesan",36%,(U),Sep
Raja Rani (U),Atlee,G.v. Prakash Kumar,Love,"Cast: Arya , Nayantara , Jai , Nazriya Nazim, Sathyaraj , Santhanam , Dhanya Balakrishna 
                                 Drama",66%,(U),Sep
Onaiyum Aatukuttiyum (U/A),Myshkin,Ilaiyaraja,Drama,"Cast: Sri,",74%,(U/A),Sep
Idharkuthane Aasaipattai Balakumara (U),Gokul,Siddarth Vippin,Drama,"Cast: Arya , Anushka Shetty",62%,(U),Oct
Vanakkam Chennai (U),Kiruthiga Udhayanidhi,Anirudh Ravichander,Comedy,"Cast: Shiva , Priya Anand",56%,(U),Oct
Naiyaandi (U),Sarkunam A,Ghibran M,Comedy,Cast: Dhanush,38%,(U),Oct
Arrambam (U),Vishnuvardan,Yuvan Shankar Raja,Action,"Cast: Ajith Kumar, Arya , Nayantara , Taapsee Pannu, Kishore , Atul Kulkarni, Akshara Gowda 
                                 Drama",67%,(U),Oct
Pandiya Nadu (U),Suseendran,Imman D,Action,"Cast: Vishal Krishna, Lakshmi Menon, Vikranth, Soori, Bharathiraja",71%,(U),Nov
All In All Azhagu Raja (U),Rajesh M,Thaman,Romance,"Cast: Karthik Sivakumar, Kajal Agarwal, Santhanam",37%,(U),Nov
Pizza 2 The Villa (U/A),Deepan,Santhosh Narayanan,Thriller,"Cast: Ashok Selvan, Sanchita Shetty, Nassar",57%,(U/A),Nov
Irandam Ulagam (U),Selvaraghavan,Harris Jayaraj,Fantasy,"Cast: Arya , Anushka Shetty",42%,(U),Nov
Vidiyum Munn (U/A),Balaji K Kumar,Girish,Crime,"Cast: Pooja Umashankar, Malavika Manikuttan",73%,(U/A),Nov
Jannal Oram (U),Karu Pazhaniappan,Vidyasagar,Drama,,53%,(U),Nov
Naveena Saraswathi Sabatham (U),K Chandru,Prem,Comedy,"Cast: Jai , Nivetha Thomas, Sathyan , Vtv Ganesh",41%,(U),Nov
Kalyana Samayal Saadham (U/A),Rs Prasanna,Arrora,Love,"Cast: Prasanna , Lekha Washington",69%,(U/A),Dec
Ivan Veramaathiri (U),Saravanan M,Sathya,Action,"Cast: Vikram Prabhu, Surabhi",58%,(U),Dec
Endrendrum Punnagai (U/A),Mueenuddin Ahmed,Harris Jayaraj,Romance,"Cast: Jiiva Choudry, Trisha Krishnan, Vinay Rai, Santhanam , Nassar , Andrea Jeremiah",65%,(U/A),Dec
Biriyani (U/A),Venkat Prabhu,Yuvan Shankar Raja,Comedy,"Cast: Karthik Sivakumar, Hansika Motwani, Sneha , Prasanna , Premji Amaren",57%,(U/A),Dec
Madha Yaanai Koottam (U),Vikram Sukumaran,N R Raghunathan,Action,"Cast: Kathir , Oviya",48%,(U),Dec
Nanban (U),Shankar S,Harris Jayaraj,Comedy,"Cast: Vijay Chandrasekhar, Jiiva Choudry, Srikanth Krishnamachari, Illeana D'cruz, Sathyaraj , S J Surya, Sathyan 
                                 Drama",71%,(U),Jan
Vettai (U/A),Lingusamy N,Yuvan Shankar Raja,Action,"Cast: Madhavan R, Arya , Sameera Reddy, Amala Paul",56%,(U/A),Jan
Marina (U),Pandiraj,Girish,Children,"Cast: Sivakarthikeyan , Oviya , Jayaprakash",53%,(U),Feb
Dhoni (U),Prakash Raj,Ilaiyaraja,Children,"Cast: Prakash Raj , Radhika Apte",58%,(U),Feb
Kadhalil Sodhapuvadu Yeppadi (U),Balaji Mohan,Thaman,Romance,"Cast: Siddharth Narayan, Amala Paul, Arjunan",69%,(U),Feb
Ambuli (U),"Hareesh Narayan, K. Hari Shankar",Madhu Balakrishnan,Thriller,Cast: Parthiban,57%,(U),Feb
Muppozhudhum Un Karpanaigal (U),Elred Kumar,G.v. Prakash Kumar,Romance,"Cast: Adharvaa Murali, Amala Paul, Santhanam , Jayaprakash , Nassar",43%,(U),Feb
Aravaan (U),Vasanthabalan,Karthik,Adventure,"Cast: Aadhi , Pasupathy , Archana Kavi, Dhansika",55%,(U),Mar
Kazhugu (U/A),Sathyasiva,Yuvan Shankar Raja,Adventure,"Cast: Krishna Sekhar, Bindu Madhavi, Karunas , Thambi Ramaiah",53%,(U/A),Mar
3 (U),Aishwarya Dhanush,Anirudh Ravichander,Romance,"Cast: Dhanush , Shruthi Haasan",53%,(U),Mar
Oru Kal Oru Kannadi (U),Rajesh M,Harris Jayaraj,Comedy,"Cast: Udhayanidhi Stalin, Hansika Motwani, Santhanam , Saranya Ponvannan",66%,(U),Apr
Leelai (U),Andrew Louis,Sathish Chakaravarthy,Comedy,Cast: Santhanam,56%,(U),Apr
Vazhakku En 18/9 (U/A),Balaji Shakthivel,R Prasanna,Drama,"Cast: Sri,",80%,(U/A),May
Kalakalappu @masala Cafe (U),Sundar C,Vijay Ebenezer,Drama,"Cast: Vimal,",62%,(U),May
Venu Sriram,Venu Sriram,Rahul Raj,Drama,"Cast: Siddharth Narayan, Hansika Motwani, Shruthi Haasan",52%,(U/A),May
Ishtam (A),Prem Nizar,Thaman,Romance,"Cast: Vimal , Nisha Aggarwal, Santhanam",29%,(A),May
Urumi (U),Santosh Sivan,Deepak Dev,Drama,,60%,(U),May
Manam Kothi Paravai (U),Ezhil S,Imman D,Romance,Cast: Sivakarthikeyan,44%,(U),Jun
Thadaiyara Thaakka (A),Magizh Thirumeni,Thaman,Action,"Cast: Arun Vijay, Mamta Mohandas",63%,(A),Jun
Selva Bharathy,Selva Bharathy,Srikanth Deva,Drama,"Cast: Sundar C, Sneha , Sindhu Tolani, Suman , Vivek",31%,(U),Jun
Saguni (U),Shankar Dayal N,G.v. Prakash Kumar,Social,"Cast: Karthik Sivakumar, Santhanam , Pranitha , Raadhika Sarathkumar",50%,(U),Jun
Naan Ee (U/A),S S Rajamouli,M M Keeravani,Adventure,"Cast: Sudeep , Nani , Samantha Prabhu",77%,(U/A),Jul
Billa-2 (A),Chakri Toleti,Yuvan Shankar Raja,Action,"Cast: Ajith Kumar, Parvathy Omanakuttan, Bruna Abdullah, Prabhu Ganesan, Sudhanshu Pandey, Vidyut Jamwal, Yog Japee 
                                 Drama",44%,(A),Jul
Maalai Pozhudhin Mayakathilaey (U),Narayan Rao,Achu,Drama,,34%,(U),Jul
Mirattal,Ramana Madhesh,Pravin Mani,Comedy,"Cast: Vinay Rai, Santhanam , Sharmila Mandre",33%,(U),Aug
Kamalakannan,Kamalakannan,Ved Shankar,,,52%,(A),Aug
Naan (U/A),Jeeva Sankar,Vijay Antony,Crime,"Cast: Vijay Antony, Rupa Manjari, Anuya Bhagvath",61%,(U/A),Aug
Attakathi (U/A),Pa Ranjith,Santosh,Romance,"Cast: Dinesh , Nandita",63%,(U/A),Aug
18 Vayasu (U/A),Paneerselvam,Charles Bosco,Thriller,Cast: Johnny,32%,(U/A),Aug
Mugamoodi (U),Myshkin,Kay,Adventure,"Cast: Jiiva Choudry, Narain , Pooja Hegde",51%,(U),Aug
Paagan (U),Mohammed Aslam,James Vasanthan,Comedy,"Cast: Srikanth Krishnamachari, Janani Iyer, Kovai Sarala",36%,(U),Sep
Sundarapandian (U),Prabhakaran,N R Raghunathan,Comedy,"Cast: Sasikumar M, Lakshmi Menon",66%,(U),Sep
Pon Kumaran,Pon Kumaran,Sundar Babu,Drama,"Cast: Priyamani , Seetha , Saranya Ponvannan, Skanda",43%,(U),Sep
Anbazhagan,Anbazhagan,Imman D,Drama,"Cast: Samuthirakani , Thambi Ramaiah",49%,(U),Sep
Thaandavam,Vijay A.l.,G.v. Prakash Kumar,Action,"Cast: Vikram , Anushka Shetty, Amy Jackson, Santhanam",58%,(U),Sep
English Vinglish,Gauri Shinde,Amit Trivedi,Drama,Casr: Ajith,70%,(U),Oct
Maattrraan (U),K.v Anand,Harris Jayaraj,Action,"Cast: Suriya Sivakumar, Kajal Agarwal",64%,(U),Oct
Perarasu,Perarasu,Perarasu,Drama,"Cast: Bharath , Sunaina , Raj Kiran, Pandiarajan",17%,(U),Oct
Pizza (U/A),Karthik Subburaj,Santhosh Narayanan,Mystery,"Cast: Vijay Sethupathi, Remya Nambeesan, Karunakaran , Aadukalam Naren, Bobby Simha, Pooja Ramachandran",77%,(U/A),Oct
Podaa Podi (U),Vignesh Shivan,Dharan,Romance,"Cast: Silambarasan Rajendar, Shobana , Varalaxmi Sarathkumar",59%,(U),Nov
Thuppakki (U),Murugadoss A.r.,Harris Jayaraj,Action,"Cast: Vijay Chandrasekhar, Kajal Agarwal, Jayaram , Sathyan , Vidyut Jamwal, Deepthi Nambiar, Zakir Hussain 
                                 Drama",74%,(U),Nov
Ammavin Kaipesi (U),Thangar Bachan,Rohit Kulkarni,Family,"Cast: Shanthanoo Bhagyaraj, Iniya , Thangar Bachan, Meenal",40%,(U),Nov
Naduvula Konjam Pakkatha Kanom (U),Balaji Tharaneetharan,Ved Shankar,Comedy,"Cast: Vijay Sethupathi, Gayathri",68%,(U),Nov
Kumki (U),Prabhu Solomon,Imman D,Adventure,"Cast: Vikram Prabhu, Lakshmi Menon, Thambi Ramaiah, Sreejith Ravi, Yaar Kannan",71%,(U),Dec
Neethaane En Ponvasantham,Gautham Menon,Ilaiyaraja,Love,"Cast: Jiiva Choudry, Samantha Prabhu",51%,(U/A),Dec