,MovieName,Genre,Rating,Director,Actor,PeopleVote,Year,RunTime,Overview
0,Enai Noki Paayum Thota,Action,5.7,Gautham Vasudev Menon,Dhanush,"1,198",2019,153,"Raghu, a normal college guy gets dragged into trouble when he falls in love with Lekha and their whirlwind romance changes the course of his life."
1,Adithya Varma,Drama,6.4,Gireesaaya,Dhruv Vikram,596,2019,168,A brilliant and short-tempered young surgeon goes down a self-destructive path when the love of his life is forced to marry another man.
2,Kaithi,Action,8.5,Lokesh Kanagaraj,Karthi,"7,603",2019,145,A recently released prisoner becomes involved in a chase with criminals as he races against time to drive poisoned cops to hospital in exchange for meeting his daughter.
3,Bigil,Action,6.8,Atlee Kumar,Joseph Vijay,"9,299",2019,179,A former football player struggles to train a women's football team and avenge his father's death.
4,100% Kadhal,Comedy,4.6,M.M. Chandramouli,G.V. Prakash Kumar,76,2019,151,"The guy and his cousin fall for each other but separate due to ego clashes. Years later, when their grandmother falls ill, they are forced to confront each other."
5,Asuran,Action,8.6,Vetrimaaran,Dhanush,"7,792",2019,141,"The teenage son of a farmer from an underprivileged caste kills a rich, upper caste landlord. Will the farmer, a loving father and a pacifist by heart, be able to save his hot-blooded son is the rest of the story."
6,Kaappaan,Action,6.4,K.V. Anand,Suriya,"3,399",2019,166,"A Special Protection Group officer has to identify the threat to the prime minister, who he is protecting, and also the nation."
7,Magamuni,Crime,7.9,Santha Kumar,Arya,"1,275",2019,156,Two long-separated brothers end up in life-threatening situations. How do their lives intersect and what happens next?
8,Saaho,Action,5.2,Sujeeth,Prabhas,"14,432",2019,170,"An undercover cop becomes embroiled in a battle with warring criminals who want to acquire a ""black box,"" their ultimate key to a treasure."
9,Sixer,Comedy,5.7,Chachi,Vaibhav Reddy,219,2019,141,"A site engineer, who suffers from night blindness, gets into trouble when he is mistaken for the leader of a protest group by a goon. His life becomes even more complicated after he falls in love."
10,Bakrid,Drama,7.4,Jagadeesan Subu,Vikranth,222,2019,121,"A man develops friendship with a camel, and has to embark on a journey with the animal."
11,Kennedy Club,Drama,5.4,Suseenthiran,M. Sasikumar,101,2019,120,A kabaddi team faces several struggles while competing in a national-level championship.
12,Comali,Comedy,6.9,Pradeep Ranganathan,Jayam Ravi,"1,793",2019,143,A youngster in his mid-30s goes through a series of struggles after coming to terms with the fact that he was in coma for 16 years.
13,Nerkonda Paarvai,Action,8.2,H. Vinoth,Ajith Kumar,"4,876",2019,157,"When three young women are implicated in a crime, a retired lawyer steps forward to help them clear their names."
14,Jackpot,Action,5.2,Kalyaan,Jyotika,321,2019,142,Two smart con-women and a bunch of quirky gangsters are pitted against each other while in pursuit of a mythical vessel fabled for its powers.
15,A1,Comedy,5.0,K. Johnson,Santhanam,347,2019,109,"The life of a casteist girl, who wants to get married to a goon, becomes a roller-coaster ride after she realises that she's with the wrong person."
16,Aame,Drama,6.3,Rathna Kumar,Amala Paul,998,2019,143,A free-spirited girl gets the shock of her life when she finds herself naked in an abandoned building after a late-night party.
17,Kadaram Kondan,Action,5.7,Rajesh M. Selva,Vikram,"1,303",2019,121,"Vasu, a young medico, after rescuing one of his patients from a murder attempt finds out that his pregnant wife is abducted, and the kidnappers demand the patient he saved in exchange for her safety."
18,Sivappu Manjal Pachai,Action,7.1,Sasi,Siddharth,998,2019,140,A street racer and a traffic cop end up becoming brothers-in-law. Can they accept each other given their previous hostile history?
19,Gurkha,Action,4.7,Sam Anton,Yogi Babu,194,2019,144,"The security guard of a mall, who belongs to the Gurkha community, becomes the saviour of several people who have been kept under siege by some terrorists."
20,Vennila Kabaddi Kuzhu 2,Action,5.1,Selva Sekaran,Appukutty,89,2019,142,"The son of a disgraced kabaddi player realises his father's dream of helping his team, Vennila Kabadi Kuzhu, win the title in a kabaddi tournament."
21,Bodhai Yeri Budhi Maari,Drama,6.6,Chandru,Charlie,43,2019,124,A man visits his friends a day before his wedding and ends up taking a potent drug. How does this change his life?
22,Kalavani 2,Comedy,4.0,A. Sarkunam,Vimal,68,2019,141,An irresponsible guy locks horns with one of his relatives in a election.
23,Raatchasi,Drama,7.3,Sy Gowthamraj,Jyotika,729,2019,134,"Story of a rural Government school headmistress, who saves the school from its decline and reforms the same by handling the hindrances from private school owners, Govt. officials, politicians and even her colleagues."
24,Jiivi,Drama,7.9,V.J. Gopinath,Vetri,997,2019,122,"After jinxed romantic affair, a brilliant man with his friend plans to steal from his landlady. After pulling the theft successfully , he is shocked by strange coincidences of happenings in his family and the landlady."
25,Dharma Prabhu,Drama,4.6,S. Muthukumaran,Yogi Babu,153,2019,147,Lord Shiva accuses Yama for saving the life of a criminal-politician when the latter tries to stop a little girl from dying. Yama is given a few days' time to rectify his action.
26,House Owner,Drama,6.4,Lakshmi Ramakrishnan,Lovelyn Chandrasekhar,100,2019,109,"An elderly couple, a house wife and a retired army man, go through some unanticipated moments during a rainy season in Chennai."
27,Sindhubaadh,Action,5.1,S.U. Arun Kumar,Vijay Sethupathi,311,2019,133,It's a story of a common man Thiru who ventures out from his comfort zone looking to make money and becomes Sindhubaadh.
28,Thumbaa,Adventure,5.8,Harish Ram L.H.,Kpy Bala,57,2019,123,Two painters and a photographer try to stop a forest officer from poaching a tiger.
29,Game Over,Drama,7.1,Ashwin Saravanan,Taapsee Pannu,"5,370",2019,102,A nyctophobic woman has to fight her inner demons to stay alive in the game called life.
30,Kolaigaran,Action,7.1,Andrew Louis,Vijay Antony,"1,080",2019,109,"A man on a murder spree meets his match in a brilliant police officer, and a cat-and-mouse game ensues."
31,NGK,Action,6.0,K. Selvaraghavan,Suriya,"3,093",2019,148,"An educated do-gooder is forced to enter politics in order to serve the society. But, will the old guard make way and allow him to do that?"
32,Devi 2,Comedy,3.8,A.L. Vijay,Prabhu Deva,269,2019,125,A doting wife goes through a hard time trying to save her husband who is possessed by two spirits.
33,Neeya 2,Horror,3.0,Suresh,Jai,78,2019,125,"A shape-shifting snake-woman, who is in search of her lover, who she lost two decades ago, sets out to win his love again."
34,Ayogya,Action,6.1,Venkat Mohan,Vishal,824,2019,146,A corrupt police officer finds his life changing when he takes on a case of gang rape.
35,Kee,Action,5.1,Kalees,Jiiva,566,2019,138,"A man falls in love with a girl and tries to impress her. However, their life takes a serious turn when they fall victim to cyber-bullying."
36,K-13,Action,6.1,Barath Neelakantan,Arulnithi,359,2019,103,An inebriated filmmaker finds himself in a shocking situation when he realises that the mysterious girl who accompanied him to her room has been killed.
37,Mr. Local,Action,3.1,M. Rajesh,Sivakarthikeyan,750,2019,155,A happy-go-lucky guy lands in trouble after he locks horns with an egoistic lady. Both of them try to outsmart each other during various situations.
38,100,Action,6.5,Sam Anton,Atharvaa Murali,809,2019,141,"A young cop, who works in a police control room, tries to solve the mysterious case of a kidnapped girl."
39,Vellai Pookal,Crime,7.2,Vivek Elangovan,Vivek,"1,229",2019,122,"A retired cop from India while on a trip to USA solves a series of clueless crimes in his neighborhood, relying only on his power of reasoning."
40,Mehandi Circus,Drama,7.5,Raju Saravanan,Madhampatty Rangaraj,343,2019,135,A music shop owner falls in love with a girl from a circus troupe that has come to his village. But caste and class stand in the way.
41,Kanchana 3,Action,4.2,Lawrence Raghavendra,Lawrence Raghavendra,"1,031",2019,164,A young man who gets easily scared is possessed by a ghost that is seeking revenge.
42,Watchman,Thriller,5.1,A.L. Vijay,G.V. Prakash Kumar,234,2019,95,"A day before his engagement, a man is threatened by a local goon over a debt which he owes him."
43,Gangs Of Madras,Action,5.5,C.V. Kumar,Daniel Balaji,,2019,138,A woman who loses her husband in a police encounter plots to take revenge on the gangsters who had framed him.
44,Uriyadi 2,Action,7.2,Vijay Kumar,Vijay Kumar,622,2019,119,"A man leads an agitation against corrupt politicians and an unethical businessman whose factory has released toxic gas into the air, resulting in a tragedy."
45,Kuppathu Raja,Comedy,4.9,Baba Bhaskar,G.V. Prakash Kumar,105,2019,127,"Set against the backdrop of a slum in Chennai, the movie is about the relationships between a few slum dwellers and how some anti-social elements create unrest in their lives."
46,Natpe Thunai,Comedy,6.5,Parthiban Desingu,Hiphop Tamizha Adhi,671,2019,154,An international hockey player who has chosen to leave the sport picks it up again to save the ground of a local team.
47,Super Deluxe,Action,8.4,Thiagarajan Kumararaja,Vijay Sethupathi,"7,412",2019,176,"An unfaithful newly-wed wife, an estranged father, a priest and an angry son suddenly find themselves in the most unexpected predicaments, each poised to experience their destiny, all on one fateful day."
48,Airaa,Drama,4.6,Sarjun,Nayanthara,548,2019,142,"A young woman, who goes to her grandmother's home in Pollachi, realises the presence of something supernatural in the place. Meanwhile, mysterious murders are happening in Chennai. How are these seemingly unrelated events connected?"
49,Agni Devi,Crime,5.3,Jpr,Sathish Krishnan,66,2019,103,A cop is after a powerful politician after gathering ample evidences against the latter for murdering a journalist.
50,Nedunalvaadai,Drama,7.3,Selvakannan,Elvis Alexander,,2019,120,"An unemployed youngster is at the crossroads, puzzled about choosing between family and love."
51,Ispade Rajavum Idhaya Raniyum,Drama,6.5,Ranjit Jeyakodi,Harish Kalyan,367,2019,141,The relationship between a guy and a girl becomes complicated when the latter gets tired of the former's impatient behaviour.
52,Sathru,Thriller,6.0,Naveen Nanjundan,Master Ajithesh,219,2019,129,"A kidnapping gone wrong leads to mounting tension between Prabha, the kidnapper, and Kathir, the policeman assigned to the case."
53,Boomerang,Action,5.6,R. Kannan,Atharvaa Murali,356,2019,120,"A guy who gets a face transplant done, following a fire accident, realises many are after his life. He sets out to find the reason for the same."
54,Thadam,Action,8.2,Magizh Thirumeni,Arun Vijay,"3,728",2019,138,The murder of a youngster creates confusion among cops when they discover the suspect has a lookalike.
55,90 ML,Comedy,3.3,Anita Udeep,Oviya,449,2019,120,"Four girls, who are bored of their mundane lives, get a new lease of life when they befriend a practical and progressive girl."
56,LKG,Comedy,6.9,Prabhu,RJ Balaji,983,2019,124,A small-time politician dreams of becoming Chief Minister.
57,Vantha Rajavathaan Varuven,Action,3.7,Sundar C.,T.R. Silambarasan,500,2019,154,The young heir of a rich family sets out to effect a reconciliation between estranged family members.
58,Dhilluku Dhuddu 2,Comedy,5.3,Rambala,Santhanam,497,2019,119,"Due to the black magic protecting Maya, anyone who falls in love with her ends up mysteriously killed, so Vijay tries to get rid of the magic."
59,Dev,Action,4.8,Rajath Ravishankar,Karthi,724,2019,157,"Dev, a youngster from a well-to-do family, is an adventure seeker. When his friend playfully tries to set him up with Meghna, a businesswoman who has no time for love, Dev has to embark on an adventure of another kind."
60,Charlie Chaplin 2,Comedy,3.8,Sakthi Chidambaram,Prabhu Deva,215,2019,128,A marriage is in the verge of trouble as the groom sends an abusive message to the bride under the influence of alcohol. Will he able to save the wedding?
61,Petta,Action,7.3,Karthik Subbaraj,Rajinikanth,"7,545",2019,171,"Though he works as a hostel warden, there is more to Kaali than meets the eye. Things take an interesting turn when Kaali's path crosses with a group of dreaded gangsters."
62,Viswasam,Action,6.7,Siva,Ajith Kumar,"5,907",2019,153,"A village ruffian, who settles disputes in his native, takes on a big shot when he tries to sort out the rough patch in his marriage after several years."
63,Peranbu,Drama,9.0,Ram,Amudhavan Karuppiah,"11,506",2018,147,"A single father tries to raise his daughter, who has cerebral palsy, even as she is beginning to wake up to her sexuality."
64,Maari 2,Action,5.6,Balaji Mohan,Dhanush,"1,913",2018,143,"Gangster Maari squares off against Beeja, a hardened criminal who considers himself to be the God of death."
65,Adanga Maru,Action,7.1,Karthik Thangavel,Jayam Ravi,"1,696",2018,145,"A sincere cop suspended from the department for locking horns with a few influential people in the society, starts taking revenge against those who finished off his dear ones."
66,Kanaa,Drama,7.8,Arunraja Kamaraj,Aishwarya Rajesh,"1,225",2018,145,A woman who hails from a middle-class family background aims to excel in the competitive world of cricket with the help of her supportive father.
67,Seethakaathi,Drama,7.0,Balaji Tharaneetharan,Vijay Sethupathi,714,2018,173,"Seethakaathi is a story, that chronicles the journey of Ayya, a legendary stage performer. The film showcases how an artiste and his art are immortal."
68,Thuppakki Munai,Action,6.3,Dinesh Selvaraj,Vikram Prabhu,370,2018,128,"An encounter specialist's success in hunting down and eliminating criminals takes him to the holy city of Rameshwaram, where he will face the biggest threat of his career."
69,Thuppakki Munai,Action,6.3,Dinesh Selvaraj,Vikram Prabhu,370,2018,128,"An encounter specialist's success in hunting down and eliminating criminals takes him to the holy city of Rameshwaram, where he will face the biggest threat of his career."
70,2,Action,6.3,S. Shankar,Rajinikanth,"20,076",2018,148,"After mobiles start mysteriously flying out of the hands of people in Chennai, Dr Vaseegaran summons his trusted robot Chitti to ward off the bird-shaped supernatural powers of Pakshirajan."
71,Kaatrin Mozhi,Comedy,7.3,Radha Mohan,Jyotika,559,2018,148,The life of a housewife changes drastically after becoming a radio jockey in the city's biggest radio station.
72,Sarkar,Action,6.8,A.R. Murugadoss,Joseph Vijay,"11,994",2018,163,"An NRI businessman learns his vote has been cast by someone else and decides to investigate the matter, eventually finding himself pitted against two corrupt politicians."
73,Pandem Kodi 2,Action,5.2,N. Linguswamy,Vishal,632,2018,155,Balu and his father have to protect a young man from a woman who has sworn vengeance on his entire clan.
74,Vada Chennai,Action,8.5,Vetrimaaran,Dhanush,"8,841",2018,164,A young carrom player in north Chennai becomes a reluctant participant in a war between two warring gangsters.
75,Aan Devathai,Action,6.4,Thamira,Ilavarasu,120,2018,134,"A husband and wife, who are poles apart, go through a lean patch after they start living separately."
76,Raatchasan,Action,8.7,Ram Kumar,Vishnu Vishal,"17,425",2018,170,A Sub-Inspector sets out in pursuit of a mysterious serial killer who targets teen school girls and murders them brutally
77,Nota,Drama,6.4,Anand Shankar,Vijay Deverakonda,"2,306",2018,145,A bachelor who is unaware of the political world is appointed a Chief Minister when his corrupt father retires.
78,96,Drama,8.6,C. Prem Kumar,Vijay Sethupathi,"15,523",2018,158,Two high school sweethearts meet at a reunion after 22 years and reminisce about their past.
79,Pariyerum Perumal,Drama,8.8,Mari Selvaraj,Prabunath,"6,984",2018,154,"A law student from a lower caste begins a friendship with his classmate, a girl who belongs to a higher caste, and the men in her family start giving him trouble over this."
80,Chekka Chivantha Vaanam,Action,7.3,Mani Ratnam,Slavisa Ivanovic,"5,118",2018,146,A bloody power struggle erupts between three brothers who are vying to take over the family business following the death of their father.
81,Raja Ranguski,Mystery,6.6,Dharani Dharan,Shirish,262,2018,120,"A police constable becomes the prime suspect in the murder of a woman. With the mysterious killer intent on making him the scapegoat, can he clear his name?"
82,Saamy Square,Action,4.5,Hari,Vikram,"1,090",2018,156,The son of Aarusaamy becomes a cop and takes on the criminal who murdered his parents.
83,U Turn,Mystery,7.0,Pawan Kumar,Samantha Ruth Prabhu,"2,292",2018,128,The plot revolves around the death of motorists who break a traffic rule at a particular flyover in Hyderabad and the subsequent pinning down of the culprit by an intern journalist and police inspector duo.
84,Seema Raja,Action,4.5,Ponram,Sivakarthikeyan,"1,405",2018,158,A youngster who belongs to a royal family needs to play saviour to his villagers.
85,Imaikkaa Nodigal,Action,7.4,R. Ajay Gnanamuthu,Nayanthara,"4,206",2018,170,A suave CBI officer is on the trail of a serial killer who kidnaps and kills the children of important people.
86,Lakshmi,Drama,6.9,A.L. Vijay,Ditya Bhande,476,2018,130,A young girl dreams of winning the 'Pride of India Jr.' title in the National dance competition.
87,Odu Raja Odu,Comedy,7.1,Jathin Sanker Raj,Nishanth Ravindaran,86,2018,123,The hilarious pandemonium happening in a day when a struggling writer tries to get his wife what she wants.
88,Kolamavu Kokila,Comedy,7.3,Nelson,Nayanthara,"1,976",2018,140,"To save her mother from terminal cancer, a young girl gets herself involved with the drug trafficking mafia active in the small towns of Tamil Nadu."
89,Pyaar Prema Kaadhal,Romance,6.6,Elan,Harish Kalyan,872,2018,145,A man is conflicted when he falls for a free-spirited woman that he knows that his mother will not like.
90,Vishwaroopam 2,Action,5.9,Vishwaroopam,Kamal Haasan,"2,076",2018,145,"A continuation of Vishwaroopam (2013), it showcases Wisam's relationship with his wife and team as he struggles to counter an impending terror attack planned by his archenemy, Omar."
91,Ghajinikanth,Comedy,5.3,Santhosh P. Jayakumar,Arya,437,2018,138,An easily distracted youngster goes to great lengths to make sure that his girlfriend and her family members don't find out about his mental condition.
92,Junga,Action,5.2,Gokul,Vijay Sethupathi,774,2018,156,"Mature Don Junga Mariappan travels back to Paris, France to find and take revenge on the drug dealers who killed his friend."
93,Mohini,Horror,3.3,R. Madhesh,Trisha Krishnan,,2018,142,"Vaishnavi falls in love with Sandeep and they get engaged. Things take a turn when Vaishnavi is possessed by the spirit of Mohini, her lookalike, who wants vengeance from Sandeep's family."
94,Chinababu,Action,7.0,Pandiraj,Karthi,"1,896",2018,149,"Gunasingam, a family-loving farmer who hails from a small town, tries his best to keep his big family united despite him being misunderstood by many."
95,Tamizh Padam 2.0,Comedy,6.5,C.S. Amudhan,Jiiva,"1,286",2018,143,A stringent cop tries all the possible ways to nab a dreaded don who poses a big threat to the society.
96,Goli Soda 2,Drama,7.3,Vijay Milton,Samuthirakani,642,2018,128,Three young friends struggle to make it big in the real world.
97,Iravukku Aayiram Kangal,Action,7.3,Mu. Maran,Abhinayashree,978,2018,121,"The story revolves around a mysterious murder and a game between Bharath (Arulnithi), a calm and composed cab driver, and Ganesh (Ajmal), an urban cheat, who blackmails people for money."
98,Irumbu Thirai,Action,7.7,P.S. Mithran,Vishal,"3,373",2018,160,A soldier takes on a gang of cyber criminals when money goes missing from his account.
99,Mahanati,Biography,8.5,Savitri,Nag Ashwin,"8,703",2018,177,"Biography of Savitri, an actress from South India movie industry, who ruled the industry for two decades during 50s and 60s."
100,Iruttu Araiyil Murattu Kuthu,Horror,4.2,Santhosh P. Jayakumar,Yaashika Aanand,700,2018,119,A sexually-starved spirit traps two couples in a bungalow in Bangkok where they have planned to stay for a week. The spirit wants one of the two men to have sex with her. Can they manage to escape?
101,Kaala,Action,6.7,Pa. Ranjith,Rajinikanth,"7,486",2018,162,Kaala is about the life of Nellai / Tirunelveli based Tamils who live in large number in Mumbai.
102,Karu,Drama,5.7,A.L. Vijay,Sai Pallavi,416,2018,122,"After abortion, a woman's life takes an unexpected turn when she is visited by the foetus, who is now grown up and is visible to her."
103,Mercury,Horror,6.1,Karthik Subbaraj,Prabhu Deva,827,2018,106,Five friends maimed from mercury poisoning try to cover up for an accident that left a man dead.
104,Tik Tik Tik,Action,6.1,Shakti Soundar Rajan,Jayam Ravi,"2,172",2018,130,"After discovering that an asteroid the size of a city is going to impact Earth in less than a month, India recruits a misfit team to save the country."
105,6 Athiyayam,Horror,4.2,Ajayan Bala,Lokesh Rajendran,32,2018,118,6 Athiyayam is an anthology with 6 parallel stories that are correlated and the climax of each story is revealed only in the finale.
106,Naachiyaar,Action,6.8,Bala,Ivana,,2018,100,"A police officer uncovers the truth about Kaathavarayan, a young man who is accused of assaulting his girlfriend."
107,Savarakathi,Comedy,7.1,G.R. Adithya,Ram,420,2018,114,A barber has a bad encounter with a gangster on the road and this results in him running all over the city to save himself.
108,Kalakalappu 2,Comedy,4.9,Sundar C.,Yogi Babu,572,2018,154,A two and a half hours fun ride in which two groups fights for laptop and money suitcase and when siva enters things get even more funny.
109,Merku Thodarchi Malai,Drama,8.6,See full summary,Leninbharati,,2018,122,"Rangasamy, a laborer living on the borders of Kerala and Tamil Nadu just like his fellow sons of soils toils, hard-working at the spice plantations owned by landlords. Whilst Rangasamy is ...                See full summaryÂ Â»"
110,Bhaagamathie,Action,7.0,Ashok G.,Anushka Shetty,"2,209",2018,138,"IAS officer Chanchala Reddy is imprisoned in a haunted house, while she is interrogated by law enforcers investigating a politician they suspect of corruption."
111,Nimir,Comedy,6.3,See full summary,Priyadarshan,,2018,130,"A Tamil remake of the Malayalam comedy drama, ""Maheshinte Prathikaram"". It stars Udhayanidhi Stalin in the lead role, playing a photographer named Selvam who owns a studio in a small town. ...                See full summaryÂ Â»"
112,Oru Nalla Naal Paathu Solren,Comedy,6.8,P. Arumugakumar,Annayya,"1,877",2018,149,"Yaman, a tribal leader living in the forest with his tribal community, which has a distinct set of rules to follow. Yaman's life is not just in the forest, however, as he also ventures into the city."
113,Thaanaa Serndha Koottam,Action,6.8,Vignesh Shivan,Suriya,"4,655",2018,138,"Angered by the corruption that stopped him from becoming a CBI officer, a young man forms a gang who pose as CBI officers and raids the corrupt."
114,Sketch,Action,5.7,Vijay Chandar,Vikram,"1,589",2018,137,A car hijacker from a local gang gets into a problem after stealing a car.
115,Crime 23,Action,7.4,Arivazhagan Venkatachalam,Arun Vijay,"1,915",2017,151,"An Assistant Commissioner of Police, Vetrimaaran (Arun Vijay), investigates a series of murders related to the medical industry."
116,Muthuramalingam,Action,1.6,Rajadurai,Priya Anand,,2017,137,An inter-village martial arts competition drives the plot of this action-packed tale.
117,Dream Factory,Drama,6.7,Arun Chidambaram,Jiya Anil Manne,124,2017,98,Electricity is scarce and a problem that persists all over India. This is a story of a school drop-out trying to find a solution to the electricity problem. Science and innovation are the backdrops set in a rural background.
118,Yaman,Action,6.2,Jeeva Shankar,Vijay Antony,454,2017,152,"After losing his father to a bunch of scheming politicians, a young man decides to wade into the corrupt and unscrupulous world of politics to avenge his death."
119,Ennodu Vilayadu,Thriller,5.6,Arun Krishnaswami,Bharath Srinivasan,77,2017,110,The film is set against the backdrop of horse racing and betting. The story is about an accountant who steals money from his office to pay his gambling debts. What happens next?
120,Kadhal Kan Kattudhe,Drama,6.5,Shivaraj,Aneeruth,,2017,110,"Shiva and Athulya try to make their long-distance relationship work. However, Athulya's colleague Karthik develops feelings for her, which complicates the bond between them."
121,Pagadi Aattam,Crime,5.8,Ram K. Chandran,Rahman,79,2017,129,An investigating officer stirs into action and looks into a series of cybercrimes after several innocent women are targeted by the offenders.
122,Rum,Horror,4.2,Sai Bharath,Arjun Chidambaram,118,2017,131,"A group of high-tech thieves runs away after a heist. They hide out in an old house, only to find that the house is haunted."
123,Singam 3,Action,6.3,Hari,Suriya,"5,063",2017,155,Uncompromising police chief Durai Singam battles against a criminal operation dealing in deadly toxic waste.
124,Bogan,Action,6.4,Lakshman,Jayam Ravi,"1,358",2017,160,Who is Bogan? That is the question that drives this movie about things not being as they seem.
125,Enakku Vaaitha Adimaigal,Comedy,5.8,Mahendran Rajamani,Jai,,2017,135,"The movie tells the story of Krishna - an IT professional, and the story narrates the two phases of his life - the first when he falls in love, and the second after his break-up."
126,Koditta Idangalai Nirappuga,Comedy,6.4,Parthiban,Shanthnu Bhagyaraj,,2017,126,"On a business trip to India, a man fantasizes about the young wife of his middle-aged driver."
127,Adhe Kangal,Action,7.3,Rohin Venkatesan,R. Aravindraj,961,2017,120,"What begins as a love triangle morphs into a thriller, following an accident - and an abduction."
128,Bairavaa,Action,5.9,Bharathan,Joseph Vijay,"7,376",2017,169,"Bairavaa, a gallant debt collector, takes on a violent criminal masquerading as a philanthropist in the education field."
129,Lens,Drama,6.9,Jayaprakash Radhakrishnan,Anand Sami,942,2017,109,"Video chat session: Watch me die, LIVE!"
130,Aruvi,Drama,8.6,Arun Prabhu Purushothaman,Aditi Balan,"9,890",2017,130,A gentle girl born and brought up amidst the ever growing eco-social-consumeristic environment finds it difficult to fit in the society. She decides to take it hard on the people. What she does is the rest of the story.
131,Sangu Chakkaram,Comedy,6.2,Maarison,Punnagai Poo' Geetha,32,2017,124,Kids Satire Fantasy Horror.
132,Ulkuththu,Thriller,6.7,Caarthick Raju,Dr. Chef Damodaran,,2017,127,"Ulkuthu is set in a small coastal town which is ruled by Kaka Mani (Sharath Lohitashwa) and his brother Saravanan (Dhilip Subbarayan), loansharks who deal in blood and blows when their debtors don't pay on time."
133,Balloon,Horror,4.6,Sinish,Anjali,274,2017,146,Jeeva heads to a haunted house in Ooty where strange events start unfolding around him. The answer to which may lie in his past.
134,Kalavaadiya Pozhuthugal,Romance,6.1,Thangar Bachan,Bhoomika Chawla,48,2017,154,"A student of masters degree and ditched by a rich girl, Jayanthi (Bhumika Chawla), Porchezhiyan vanishes from her life for many years before a chance meeting with her opens up old wounds and painful memories of a romance all gone wrong."
135,Velaikkaran,Action,7.3,Mohan Raja,Sivakarthikeyan,"2,984",2017,160,A youngster from the slums battles against food adulteration by the company that employs him.
136,Sakka Podu Podu Raja,Action,4.2,G.L. Sethuraman,Aryan,357,2017,129,Santa helps a gangster Bhavani's sister elope with her lover enraging him and unknowingly falls in love with Bhavani's younger sister.
137,Brahma.com,Action,5.1,P.S. Vijayakumar,Bhagyaraj,64,2017,129,"Kameshwaran, a production manager in a company, prays to the God of creation, Brahma to change the past and make him the CEO of his company."
138,Chennai 2 Singapore,Comedy,6.1,See full summary,Abbas Akbar,137,2017,122,"The film's story is said to be a romantic comedy about a struggling Indian filmmaker, Harish, who makes his way to Singapore to look for investors to finance his dream movie. A series of ...                See full summaryÂ Â»"
139,12/12/1950,Comedy,5.4,Selvaah,Yogi Babu,,2017,129,The movie is a tribute to the film actor Rajinikanth.
140,Kodiveeran,Action,4.8,M. Muthaiya,Gnanasambandam,117,2017,155,"Kodi, a 'Saamiyaadi' by profession, takes the responsibility of saving his sister and brother-in-law who is against Villangam and Adhigaaram, from their anger and retaliation."
141,Richie,Action,5.3,Gautham Ramachandran,Nivin Pauly,706,2017,111,"A journalist sets out to uncover the truth behind an incident, through the perspectives of different people, unraveling how they and their lives are intertwined with it."
142,Annadurai,Action,5.3,G. Srinivasan,Vijay Antony,213,2017,129,"Two brothers, Annadurai and Thambidurai, living in the same small town developme vastly different personalities."
143,Thiruttu Payale 2,Thriller,6.7,Susi Ganesan,Bobby Simha,658,2017,147,A police inspector investigates a guy who traps innocent women on Facebook.
144,English Padam,Comedy,1.2,Kumaresh Kumar,Sreeja Das,24,2017,126,English Padam (Aangila padam) is the story of a man trapped in a web of crime and his attempt to get out of the dangerous situation.
145,Indrajith,Action,3.3,Kalaprabhu Thanu,Gautham Karthik,150,2017,116,Indrajith heads to the forests of north eastern India in search of a precious stone.
146,En Aaloda Seruppa Kaanom,Comedy,5.0,Jagan,K.P. Jagan,61,2017,127,Its a Tamil comedy where Tamizh tries to find the missing sandals of the girl he is in love with hoping that it would reunite her with her father.
147,Theeran Adhigaram Ondru,Action,8.2,H. Vinoth,Karthi,"8,685",2017,157,"Theeran, a police officer, tries to decode a series of cold blood events based on same pattern."
148,C/o Surya,Action,5.6,Suseenthiran,Sundeep Kishan,175,2017,133,An easygoing youngster's life is disturbed with the entry of a local don.
149,Ippadai Vellum,Action,5.7,Gaurav Narayanan,Udhayanidhi Stalin,272,2017,139,"A software engineer, whose weapon against impossible challenges in life is his intelligence."
150,Aramm,Drama,7.8,Gopi Nainar,Nayanthara,"1,411",2017,119,A District Collector in India deals with water shortage problems in a village when she comes to realize that people are suffering a lot.
151,The House Next Door,Horror,6.8,Milind Rau,Prakash Belawadi,"1,854",2017,137,"A young married couple begin to encounter several paranormal attacks, when a family moves into a neighbouring house, that is being haunted by a vengeful spirit, which leads them to perform an exorcism in order to help save the neighbours."
152,Vizhithiru,Drama,5.9,Meera Kathiravan,Abhinaya,103,2017,127,"Over the course of one night, a car ride connects a string of people."
153,Kadaisi Bench Karthi,Comedy,4.1,Ravee Paargavan,Gnanasambandam,36,2017,114,This Tamil-Telugu bilingual comedy showcases the effect that a smart phone can have on a loving relationship.
154,Mersal,Action,7.7,Atlee Kumar,Joseph Vijay,"23,383",2017,172,A magician and a doctor attempt to expose the corruption at the heart of India's medical industry.
155,Meyaadha Maan,Romance,7.2,Rathna Kumar,Vaibhav Reddy,870,2017,147,A one side lover frightened to tell his love to his girl. Later he was convinced by his friends that they loved each other.
156,Solo,Action,7.1,Bejoy Nambiar,Dulquer Salmaan,"2,772",2017,154,"An anthology, telling the story of four different people, each story revolving around four different elements: Earth, Fire, Wind and Water."
157,Hara Hara Mahadevaki,Comedy,5.3,Santhosh P. Jayakumar,Kovai Babu,450,2017,140,"A coming-of-age film that centres on a loving couple. The film follows the couple's romantic relationship and eventually, their breakup with each other."
158,Karuppan,Action,5.6,R. Panneerselvam,Sami Rajalingam,520,2017,144,"Kathir (Bobby Simha) has an interest for Anbu (Tanya Ravichandran), but due to family situations, she gets hitched to Karuppan (Vijay Sethupathi). What does Kathir do, to separate Karuppan and Anbu, and does he finally get to marry Anbu?"
159,Spyder,Action,6.6,A.R. Murugadoss,Mahesh Babu,"8,652",2017,155,An intelligence officer attempts to save the city from a psychotic serial killer who kills people just to hear their loved ones cry.
160,Bayama Irukku,Comedy,5.3,Jawahar,Santhosh Prathap,70,2017,122,"After a group of friends discovers that one of their friends is facing problems with his wife, who they believe is possessed by a ghost, they try to save him with the help of an exorcist."
161,Aayirathil Iruvar,Action,4.6,Saran,Vinay Rai,,2017,158,"Written, directed and produced by Saran, the movie features Vinay in dual lead roles, accompanied by three newcomers: Samuthrika, Swasthika and Kesha Khambhati. It focuses on a large scale money laundering and hawala money transaction."
162,Kalavu Thozhirchalai,Thriller,5.9,See full summary,T. Krishnasamy,25,2017,138,An idol smuggler comes to a village to steal a Shiva idol worth 600 crores. The story begins with an international criminal (Vamsi Krishna) An idol smuggler comes to a village to steal a ...                See full summaryÂ Â»
163,Konjam konjam,Family,6.1,Add a Plot,Uday Sankaran,10,2017,123,Add a Plot
164,Veedevadu,Thriller,5.5,Tatineni Satya,Esha Gupta,44,2017,125,A Kabaddi player ends up in a prison after being accused of killing his girlfriend.
165,Thupparivaalan,Action,7.5,Myshkin,Vishal,"3,405",2017,151,A private detective ends up unraveling a large conspiracy while investigating the disappearance of a child's pet dog.
166,Kathanayagan,Comedy,4.2,Tha. Muruganatham,Meera Krishna,,2017,122,"The romantic comedy stars Vishnu and Catherine Tresa as a loving couple. Vishnu's character faces a problem, however, as he has to try hard to win the approval of his girlfriend's father."
167,Neruppu Da,Action,4.3,Nikki Galrani,Nagineedu,,2017,127,"Vikram Prabhu stars as a firefighter, who is also a hardcore Rajinikanth fan, in this thriller-drama movie directed by B. Ashok Kumar."
168,Kurangu Bommai,Drama,8.1,Nithilan,Vidharth,"1,093",2017,106,"A loyal worker, Sundaram takes orders from his boss Ekamabaram, even when Ekamabaram asks Sundaram to smuggle a valuable idol in his car."
169,Maayavan,Action,7.3,C.V. Kumar,Sundeep Kishan,"1,468",2017,129,"A police officer is on a mission to nab a criminal,who does murder in a same mysteric pattern."
170,Puriyaatha Puthir,Thriller,6.6,Ranjit Jeyakodi,Vijay Sethupathi,771,2017,140,A man's romance with a music teacher becomes dramatic as he begins receiving anonymous videos of her.
171,Vivegam,Action,5.6,Siva,Ajith Kumar,"10,389",2017,149,An Interpol agent betrayed by his friends sets out to take revenge against the friends who work for a secret agency.
172,Thappu Thanda,Crime,6.0,Srikantan,Ajay Ghosh,42,2017,146,Vetri an unemployed youth joins a burglar's club. He is deemed a dud who is used anyway in their one last robbery of Rs 5 crores from an Ex-MLA.
173,Taramani,Drama,7.5,Ram,Anjali,"1,252",2017,150,"An orthodox youngster and a free-spirited lady fall in love, only to understand that they are different in all aspects of life. How do they realise their complex requirements and mistakes?"
174,Velaiyilla Pattathari 2,Action,5.4,Soundarya R. Ashwin,Riaz Ahmed,"1,783",2017,128,"A cool-headed crusader for the struggling engineers, Raghuvaran faces the powerful and arrogant owner of a construction company Vasundhara Parameswaran, as they engage in a battle to win the corporate game."
175,Podhuvaga En Manasu Thangam,Comedy,3.8,Thalapathy Prabhu,Parthiban,115,2017,137,"Set in a village in Tamil Nadu, Ganesh and Oothukaattan are two very different men who oppose each other."
176,Kootathil Oruthan,Comedy,6.7,T.J. Gnanavel,Ashok Selvan,363,2017,120,"Arvind, an ordinary Joe who is not noticed by any, be it at home, school or among friends falls in love with Janani, a class topper and an all-rounder who excels in sports and extra-curricular activities."
177,Nibunan,Action,6.6,Arun Vaidyanathan,Varalaxmi Sarathkumar,782,2017,127,"Along with his partners Inspector Joseph and Vandhana, DSP Ranjith Kalidoss attempts to hunt down a psychotic killer before realizing he's himself suffering from an unwanted disorder."
178,Meesaya murukku,Biography,7.6,Hiphop Tamizha Adhi,Hiphop Tamizha Adhi,"1,869",2017,131,"A semi-biopic of how India's first Tamil Hip-Hop band, Hip-hop Tamizha came to be and the struggles frontman Adhi faced in life, both in personal and professional frontiers."
179,Vikram Vedha,Action,8.7,Gayatri,Pushkar,"23,249",2017,147,"Vikram, a no-nonsense police officer, accompanied by Simon, his partner, is on the hunt to capture Vedha, a smuggler and a murderer. Vedha tries to change Vikram's life, which leads to a conflict."
180,Rubaai,Action,6.1,M. Anbazhagan,Anandhi,,2017,119,A criminal is after four people who steal his loot.
181,Magalir Mattum,Drama,6.3,Bramma G.,Jyotika,455,2017,140,Three best friends from school reunite after 36 years.
182,Pandigai,Action,6.5,Feroz,Kreshna,245,2017,150,"A low-level hotel worker gets involved in a street fighting racket on the advice of a compulsive gambler. When the duo realise they have been duped by the gangster controlling the racket, they decided to rob him."
183,Thiri,Drama,5.2,Ashok Amritharaj S.,A.L. Azhagappan,,2017,130,An engineer student gets in trouble with a politician's son and this affects his studies and causes lots of troubles in his path.
184,Gemini Ganesanum Suruli Rajanum,Comedy,5.8,Ilavarasu Odam,Regina Cassandra,387,2017,134,A playboy falls truely for a woman and decides to get married to her. She puts forth an uphill task for him - to confront his ex-flames.
185,Chennaiyil Oru Naal 2,Thriller,4.6,Jpr,Sarath Kumar,84,2017,101,The secrets of two bad guys end up destroying them both physically and psychologically.
186,Ivan Thanthiran,Action,6.3,R. Kannan,RJ Balaji,,2017,114,Two engineering dropouts stumble upon the activities of a corrupt education minister owning engineering colleges and expose him. The minister wants revenge and launches a manhunt for them. The cat-and-mouse game begins.
187,Adhagappattathu Magajanangalay,Comedy,5.0,See full summary,Inbasekhar,,2017,116,"Son of a tabla player loses his guitar while he goes to help his friend, a security guard. A burglary attempt takes place and he is worried that he will be caught since the guitar contains ...                See full summaryÂ Â»"
188,Yaanum Theeyavan,Action,6.1,See full summary,Prashanth G Sekar,,2017,106,"This movie claims to represent a number of true events that have actually happened. Put together under one shell with imaginative screenplay and characters, the story revolves around 3 ...                See full summaryÂ Â»"
189,Vanamagan,Action,5.5,A.L. Vijay,Arjun,599,2017,141,A jungle-dweller finds himself in the city.
190,Anbanavan Asaradhavan Adangadhavan,Action,2.3,Adhik Ravichandran,Tamannaah Bhatia,510,2017,160,"A local gangster in Madurai bids adeiu to his past life. Years later in his late 50's, he falls in love with a girl which changes his life"
191,Maragatha Nananya,Adventure,7.0,Ark Saravan,Aadhi,"1,144",2017,150,A young man races to find a legendary treasure which causes him many troubles.
192,Uru,Thriller,5.9,See full summary,Vicky Anand,275,2017,111,"The story revolves around a writer who becomes outdated due to changing trends. He decides to leave for Megamalai to find solitude and write a new book. Upon arrival to Megamalai, ...                See full summaryÂ Â»"
193,Peechaankai,Comedy,6.5,Ashok,Rskarthiik,53,2017,126,A pickpocket is stricken with a rare condition which affects the very tools of his trade - his hands. And so ensues a series of mishaps due to AHS - a condition in which his hand is beyond his control and appears to have a mind of its own.
194,Rangoon,Action,7.1,Rajkumar Periasamy,Gautham Karthik,560,2017,126,A story about three friends dealing illegal gold trafficking in India and when they think everything is going smoothly their life takes a u-turn when a business deal goes wrong in Rangoon
195,Sathriyan,Action,4.8,Vikram Prabhu,Manjima Mohan,,2017,156,"Guna is local thug who is serious about the gangster life. When love enters his life, Guna is not ready to give up on love so he decides to reform his ways and settle down in the family life."
196,Bongu,Crime,5.3,Taj,Pooja Bisht,93,2017,124,Three ex-salesman plan the ultimate car heist.
197,Oru Kidayin Karunai Manu,Drama,7.7,See full summary,Suresh Sangaiah,276,2017,121,"The newlywed Ramamoorthy and his clan are headed on a truck to their family deity's temple for a goat sacrifice ceremony. On the remote thoroughfare they encounter an accident, and a local ...                See full summaryÂ Â»"
198,Oru Iyakkunarin Kadhal Diary,Drama,6.4,Add a Plot,Velu Prabhakaran,,2017,162,Add a Plot
199,7 Naatkal,Thriller,4.4,Gautham V.R.,M.S. Bhaskar,,2017,132,Story of a good hearted businessman and his spoiled son.
200,Thondan,Crime,6.0,Samuthirakani,Arthana Binu,242,2017,138,"Vishnu and Xavier are two individuals who work at a medical facility organization called ""UYIR""."
201,Brindavanam,Drama,6.8,Radha Mohan,Arulnithi,,2017,170,"A hearing and speech impaired barber in Ooty meets his idol, actor Vivekh. A poignant friendship develops between the two."
202,Inayathalam,Drama,2.9,See full summary,Shankar-Suresh,,2017,121,"The plot involves an anonymous website streaming murders live. The cybercrime officers handling the case, Ganesh(Ganesh Venkatram), Helen(Shwetha Menon) and Ganapathy(Erode Mahesh), are at ...                See full summaryÂ Â»"
203,Sangili Bungili Kadhava Thorae,Comedy,5.3,Ike,Nivas Adithan,,2017,140,"A young man who vows to buy a mansion of his own, moves his extended family into it without knowing that it is haunted."
204,Yeidhavan,Action,6.0,Sakthi Rajasekaran,Sandra Amy,,2017,133,Krishna fights to avenge his sister's death and the future of medical students in this action-packed thriller.
205,Saravanan Irukka Bayamaen,Action,2.9,Ezhil,Karai Natrajan,159,2017,117,"Saravanan, a lackadaisical man, finds his life turned upside down when he is accidentally made the local head of a political party. Later, he shamelessly uses his status to woo the girl he loves."
206,Enga Amma Rani,Action,6.1,S. Bani,Dhansika,,2017,172,"When one of her daughters dies and the second one is diagnosed with the same illness, single mom in Malaysia takes her to a hill station, where the girl stars behaving mysteriously."
207,Baahubali 2: The Conclusion,Action,8.2,S.S. Rajamouli,Prabhas,"71,418",2017,167,"When Shiva, the son of Bahubali, learns about his heritage, he begins to look for answers. His story is juxtaposed with past events that unfolded in the Mahishmati Kingdom."
208,Nagarvalam,Drama,5.8,Marxx,Yogi Babu,,2017,129,"The driver of a Metro water lorry and a girl in the locality he supplies water to fall in love. But will the girl's family, which has powerful connections, agree to this match?"
209,Sathya,Action,2.7,Deepan,Roma Asrani,110,2017,118,"The protagonist from Kerala who goes to Pondicherry and becomes very successful in life by gambling. However, he also makes enemies because of this. The story further progresses through the various incidents that happen due to gambling."
210,Kadamban - Taqatwar,Action,5.4,N. Ragavan,Arya,363,2017,142,The lives of people living in traditional ways in the South Indian jungle are depicted in this movie.
211,Sivalinga - Kanchana Returns,Horror,4.7,P. Vasu,Bhanupriya,361,2017,156,A detective with some unusual qualities investigates a murder.
212,Power Paandi,Action,7.6,Dhanush,Dhanush,"1,179",2017,130,A 65 years old man starting a journey to find his first love who broke up 40 years ago.
213,8 Thottakkal,Action,7.6,Sri Ganesh,Vetri,"1,394",2017,145,"A depressed and loyal policeman loses his gun to a killer, who kills people due the circumstances of his life."
214,Kaatru Veliyidai,Romance,5.9,Mani Ratnam,Karthi,"1,669",2017,146,"Set during the Kargil War, fighter pilot Varun recalls his romance with Leela while being held prisoner in Pakistan."
215,Dora,Action,5.3,Dass Ramasamy,Nayanthara,701,2017,139,A father and a daughter purchase a used car which is possessed by an unknown dangerous spirit craving for revenge.
216,Kavan,Action,7.1,K.V. Anand,Vijay Sethupathi,"1,853",2017,150,A TV journalist goes against his corrupt and dishonest boss's orders and helps a group of youngsters in their fight against a chemical plant.
217,Kadugu,Drama,7.5,Vijay Milton,Radhika Prasidhha,482,2017,115,A man goes up against corrupt and powerful people to avenge the crime committed against a child.
218,Paambhu Sattai,Action,6.2,Adam Dasan,Bobby Simha,125,2017,140,A young man in need of cash to solve his personal problems gets into a tangle with a counterfeit money laundering racket.
219,Dhayam,Thriller,4.6,Kannan Rangaswamy,Aira Agarval,,2017,145,An interview in a room with 8 people. Only one will walking out of the room after one hour and he will be the ceo of the company.
220,Vaigai Express,Thriller,4.6,See full summary,Shaji Kailas,23,2017,122,"Three girls, Yamini, Tulasi Mani and Radhika, are found killed in a train journey. Sharafudeen Rahman (RK), from RACT (Railway Anti Criminal Task force), takes up the case and starts the ...                See full summaryÂ Â»"
221,Julieum 4 Perum,Family,3.4,Satheesh,Amudhavaanan,7,2017,137,The movie central theme is based on international dog napping and the relationship between humans and dogs.
222,Enkitta Mothathe,Action,5.0,See full summary,Ramu Chellappa,,2017,110,"Enkitta Mothathe (English: Don't mess with me) is a 2017 Indian Tamil film, written and directed by Ramu Chellappa. The film features Natraj, Rajaj, Parvathy Nair and Sanchita Shetty in the...                See full summaryÂ Â»"
223,Bruce Lee,Action,2.4,Prashanth Pandiraj,Anandraj,146,2017,125,A young ne'er-do-well is given a wake-up call when his girlfriend is kidnapped by an evil don.
224,Kattappava Kanom,Comedy,5.1,Mani Seiyon,Yogi Babu,,2017,125,Kattapava Kaanom is a dark comedy - Rom Com with a little fantasy touch
225,Oru Mugathirai,Drama,5.7,R. Senthil Nadan,Chaams,,2017,154,"A psychological thriller that involves psychology, the impact of social networks and more."
226,Maanagaram,Action,8.1,Lokesh Kanagaraj,Sundeep Kishan,"3,350",2017,137,Four youngsters arrive in a big city and their lives become interlinked.
227,Nisabdham,Drama,5.6,Add a Plot,Michael Arun,,2017,126,Add a Plot
228,ACP Shiva,Action,3.3,Sai Ramani,Joy Badlani,352,2017,151,A corrupt cop with a traumatic childhood has a change of heart and treads upon the path of righteousness as he takes on a dangerous criminal and his team.
229,Mupparimanam,Romance,5.5,Adhiroopan,Aari,,2017,141,This story of love and death follows Kathir and Anusha from their school days to their marriage.
230,Yaakkai,Romance,5.6,Kuzhandai Velappan,M.S. Bhaskar,,2017,127,"A hospital administrator dies, and the cop investigating the murder finds that this is just one in a series of grisly crimes."
231,Dhuruvangal Pathinaaru,Action,8.4,Karthick Naren,Rahman,"10,895",2016,105,"A police officer retires after an accident during a case investigation. Years later, he is forced to relive the past as he narrates the story to his friend's son."
232,Chennai 600028 Second Innings,Comedy,7.0,Venkat Prabhu,Jai,937,2016,150,"During a trip to Theni for teammate Raghu's wedding engagement, the Chennai Sharks play a cricket match against the local team. However, an unfortunate chain of events threatens to derail the wedding."
233,Achcham Yenbadhu Madamaiyada,Action,6.4,Gautham Vasudev Menon,T.R. Silambarasan,"1,896",2016,135,A youngster embarks on a road trip with the love of his life until an accident causes things to get out of control.
234,Ammani,Drama,7.9,Lakshmi Ramakrishnan,Semmalar Annam,,2016,90,A bond is forged between an aged ragpicker and a younger woman.
235,Aandavan Kattalai,Drama,8.1,M. Manikandan,Vijay Sethupathi,"2,060",2016,151,Gandhi and Pandi decided to get a passport and travel to London to get rid of debts in their village. Things didn't happened has they planned.
236,Kuttrame Thandanai,Crime,7.8,M. Manikandan,Vidharth,,2016,100,A young man with a visual impairment uses his other heightened senses to unravel a murder mystery.
237,Dharmadurai,Drama,7.5,Seenu Ramasamy,Vijay Sethupathi,"1,568",2016,147,A doctor in a village redeems himself after losing his way.
238,Joker,Comedy,8.4,Raju Murugan,Raju Saravanan,"2,830",2016,130,"Mannar (protagonist), a villager who declares himself to be the Indian President, protests the absurdities of the government."
239,Kabali,Action,6.2,Pa. Ranjith,Rajinikanth,"11,149",2016,153,"Returning from prison, aged gangster Kabali confronts those who had destroyed his life. While doing so, he learns about what had happened to his family when he was gone."
240,Metro,Action,7.3,Ananda Krishnan,Shirish,697,2016,119,"A young college student drawn into worldly pleasures joins a chain-snatching gang. Unaware of this, his elder brother teams up with a friend to bring down the gang and rising crime rate."
241,Iraivi,Crime,8.0,Karthik Subbaraj,S.J. Suryah,"2,736",2016,160,A drama about an alcoholic filmmaker and his friends who bring trouble to the women in their lives.
242,Uriyadi,Action,8.1,Vijay Kumar,Vijay Kumar,"1,878",2016,90,Four friends studying in an engineering college unintentionally end up becoming a part of caste politics led by corrupt politicians.
243,24,Action,7.8,Vikram K. Kumar,Suriya,"15,774",2016,164,"A scientist invents a time machine, which leads to a bitter battle between his evil twin brother and his son."
244,Theri,Action,7.1,Atlee Kumar,Joseph Vijay,"12,365",2016,157,"When his daughter's life is endangered by a local gang, Joseph Kuruvilla will do whatever it takes to stop them. However, at the same time, his dangerous past slowly resurfaces."
245,Oopiri,Comedy,8.0,Vamshi Paidipally,Nagarjuna Akkineni,"3,915",2016,158,"Impressed by his carefree attitude, Vikram, a quadriplegic multi-billionaire, hires a convict out on parole as his caretaker. What follows is a string of life lessons they learn from each other."
246,Kadhalum Kadanthu Pogum,Comedy,7.3,Nalan Kumarasamy,Vijay Sethupathi,"2,407",2016,136,"An unlikely romance brews between a tough-acting thug with a tender heart, and a recently single, IT consultant neighbor, in this lighthearted and wacky twist of a romantic comedy."
247,Pichaikkaran,Action,7.6,Sasi,Vijay Antony,"1,437",2016,130,"A rich businessman chooses to lead the life of a homeless beggar for a period of 48 days in the hopes that he could cure his mother, who is on the brink of death."
248,Saala Khadoos,Action,7.6,Sudha Kongara,Madhavan,"10,941",2016,109,The story of a former boxer who quits boxing following a fallout with the authorities over the underlying politics but goes on to coach a fisherwoman to fulfill his dream through her.
249,Rajini Murugan,Action,5.7,Ponram,Sivakarthikeyan,"1,322",2015,149,A jobless youth and his best friend try to earn some cash in Madurai while trying to solve the dispute that plagues his family.
250,Visaaranai,Crime,8.5,Vetrimaaran,Dinesh,"6,219",2015,117,Four labourers are tortured by the police to confess to a theft they have not committed.
251,Pasanga 2,Drama,7.5,Pandiraj,Suriya,"1,031",2015,127,"It focuses on the issue of Attention Deficit Hyperactive Disorder (ADHD) among children, and the impact of the disorder on their lives and people around them."
252,Thoongaavanam,Action,7.0,Rajesh M. Selva,Kamal Haasan,"1,819",2015,128,"A cop with a connection to the criminal underworld finds his secret life exposed when he and his partner are caught stealing cocaine from a powerful drug dealer, a move that puts his son's life in jeopardy."
253,Naanum Rowdy Thaan,Action,7.3,Vignesh Shivan,Vijay Sethupathi,"3,354",2015,139,A wannabe rowdy who falls for a hearing-impaired girl faces a dilemma when the girl makes a shocking request.
254,Kuttram Kadithal,Drama,8.0,Bramma G.,Master Ajay,665,2015,120,A teacher gets into trouble and faces a crisis of faith.
255,Kirumi,Crime,7.0,See full summary,Anucharan,,2015,104,"Kathir is a selfish youth in search of a job. Despite being married and having a child, he is waiting for a job offer that he feels meets his standards. Meanwhile, his wife Anitha is the ...                See full summaryÂ Â»"
256,Maya,Horror,7.6,Ashwin Saravanan,Nayanthara,"1,302",2015,141,"A woman takes on the challenge of watching a horror film, alone in a theatre."
257,Thani Oruvan,Action,8.4,Mohan Raja,Jayam Ravi,"15,421",2015,160,"Siddharth Abimanyu, an influential scientist, is involved in various illegal medical practices. Mithran, an efficient IPS officer, decides to expose him."
258,Papanasam,Drama,8.4,Jeethu Joseph,Kamal Haasan,"5,295",2015,179,"Desperate measures are taken by a man who tries to save his family from the dark side of the law, after they commit an unexpected crime."
259,Indru Netru Naalai,Comedy,8.0,R. Ravikumar,Vishnu Vishal,"3,339",2015,146,"Elango and his friend Pulivetti Arumugam come in possession of a time machine and start profiting from it. However, their meddling with time prevents the death of a gangster, who begins to wreck havoc in their lives."
260,Demonte Colony,Horror,6.9,R. Ajay Gnanamuthu,Arulnithi,"1,725",2015,116,"After consuming liquor, four friends decide to do something interesting and visit a haunted bungalow. However, they do not realize that they have returned home with an evil spirit."
261,36 Vayadhinile,Drama,7.1,Roshan Andrews,Jyotika,647,2015,115,A 36 years old woman rediscovers her lost charisma while overcoming profound odds from a patriarchal society.
262,Uttama Villain,Comedy,7.2,Ramesh Aravind,Kamal Haasan,"2,561",2015,171,"Manoranjan, a superstar, is counting his last days due to brain tumor. How he goes about his final wish of doing a comedy film with his mentor Margadarsi forms the crux of the story."
263,Kanchana 2,Comedy,5.5,Lawrence Raghavendra,Lawrence Raghavendra,"1,261",2015,166,"A couple of revenge seeking ghosts haunts an innocent man, and the people surrounding him, to get justice for their murders."
264,OK Kanmani,Romance,7.4,Mani Ratnam,Dulquer Salmaan,"4,611",2015,139,"Two young lovers are compatible in every way - they even agree that marriage is futile. However, their emotions are not so easily managed, especially when they witness the unconditional love of the older couple with whom they live."
265,Rajathandhiram,Action,7.7,A.G. Amid,Veera Bahu,"1,154",2015,132,Small-time criminals plan a big-time heist. Will they be successful in their attempt ?
266,Enakkul Oruvan,Thriller,7.7,Prasad Ramar,Siddharth,"1,456",2015,136,"A man suffering from insomnia is tricked into buying a drug, Lucia, that makes his desires come true in his dreams, blurring the line between fantasy and reality."
267,Press 1 for Tamil,Comedy,7.0,Ramprakash Rayappa,Nakhul,850,2015,141,"When mobile networks stop functioning due to a solar flare, Vasanth, a geek, tries to restore them. But a deadly bomb will be activated if the connection is resumed."
268,Yennai Arindhaal,Action,7.3,Gautham Vasudev Menon,Ajith Kumar,"7,740",2015,168,"Sathyadev, a sincere police officer, tries to stop an organ trafficking racket. But he is unaware that the man performing the illegal trade is the same person who killed his beloved."
269,I,Action,7.3,S. Shankar,Vikram,"18,345",2015,188,"A mysterious hunchback abducts a bride on the day of her wedding, holding her hostage as he goes on a revenge spree."
270,Kaakkaa Muttai,Comedy,8.4,M. Manikandan,Ramesh,"5,011",2014,91,Two slum kids want nothing more than a slice of pizza.
271,Kayal,Romance,6.4,Prabu Solomon,Chandran,320,2014,139,"A guy falls in love with a girl at first sight. When the girl develops feelings for the guy, he departs. Are they destined to meet again?"
272,Pisasu,Horror,7.6,Myshkin,Naga,"1,658",2014,114,A violinist experiences paranormal experience in his flat after a death of a girl who he tries to save due to accident. Later he realises that actually the spirit is helping him and he tries to find out who killed the girl by accident.
273,Lingaa,Action,5.6,K.S. Ravikumar,Rajinikanth,"4,807",2014,174,A small-time thief reforms after learning about the role played by his grandfather in building a dam.
274,Kaaviya Thalaivan,Drama,7.6,Vasanthabalan,Siddharth,"1,133",2014,150,Two theater artists compete in a small drama troupe.
275,Kaththi,Action,7.9,A.R. Murugadoss,Joseph Vijay,"16,760",2014,166,"Jeevanandham is a social activist who fights against a monstrous MNC company to restore farming. Because of destiny, Kathiresan impersonates Jeevanandham and leads the war."
276,Jeeva,Drama,7.5,Suseenthiran,Vishnu Vishal,944,2014,127,"Right from his childhood, the motherless Jeeva grows with his focus fully on Cricket. However, it is never smooth sailing for him with disruptions coming in various forms ranging from his love life to team selection politics."
277,Madras,Action,8.0,Pa. Ranjith,Karthi,"3,102",2014,156,"A wall creates perturbation between two factions of a political party. Kaali and his buddy Anbu, who is a political aspirant, get embroiled in this brutal political rivalry."
278,Kathai Thiraikathai Vasanam Iyakkam,Drama,6.8,Parthiban,Thambi Ramaiah,586,2014,128,"Amidst his personal struggles, Tamizh calls his friends - a DOP, a director-wannabe with 40 years of industry experience and three young Assistant directors, for a discussion to develop a script for his first film."
279,Jigarthanda,Action,8.3,Karthik Subbaraj,Siddharth,"9,578",2014,171,"An aspiring director targets a ruthless gangster because he wants to make a violent gangster film. His discreet attempts to research the gangster fail miserably. Finally when he gets caught snooping, things hit the fan."
280,Velaiilla Pattadhari,Action,7.8,Velraj,Dhanush,"5,039",2014,133,A jobless young man gets to redeem himself.
281,Sathuranga Vettai,Crime,8.1,H. Vinoth,Nataraja Subramanian,"2,409",2014,145,"Ace conman Gandhi effortlessly thinks up schemes to swindle gullible and greedy folks. However on a rare occasion, things don't go according to plan and he ends up in the clutches of a ruthless gang who demand schemes from him for money."
282,Saivam,Drama,6.8,A.L. Vijay,Nassar,,2014,120,Members of a family gather as a sacrificial rooster goes missing.
283,Mundaasupatti,Comedy,7.6,Ram Kumar,Vishnu Vishal,"1,118",2014,148,A photographer gets into trouble in a village where photography is banned.
284,Kochadaiiyaan,Animation,6.3,Soundarya R. Ashwin,Rajinikanth,"4,692",2014,124,A saga of revenge undertaken by a son for his father's name and his kingdom.
285,Vaayai Moodi Pesavum,Comedy,6.7,Balaji Mohan,Dulquer Salmaan,"1,448",2014,140,What if an entire town stopped speaking?
286,Cuckoo,Drama,7.8,Raju Murugan,Dinesh,617,2014,155,A blind boy faces trouble when he falls for a blind girl.
287,Thegidi,Crime,7.8,P. Ramesh,Ashok Selvan,,2014,126,"A plainclothe officer falls in the hands of phony agents ,which sets off repercussion ending in series of a massacre events."
288,Pannaiyarum Padminiyum,Comedy,7.8,S.U. Arun Kumar,Vijay Sethupathi,"1,375",2014,151,The warm love story of a landlord and his wife (and their car).
289,Goli Soda,Action,7.7,Vijay Milton,Kishore Kumar G.,905,2014,111,Four adolescent boys fall prey of a baddie and things turn ugly.
290,Veeram,Action,6.5,Siva,Ajith Kumar,"6,655",2014,161,"Vinayagam, an honest man, uses violence to settle disputes. He decides to mend his ways for his lover's sake. Hell breaks loose when he learns about a gang of rowdies following his lover's family."
291,Thalaimuraigal,Drama,7.6,Balu Mahendra,Karthick,,2013,181,"Subbu, a snobbish old man, is estranged from his son, when he marries a girl from another caste. But, his perspective on life begins to change, when his grandson comes to stay with him in the village."
292,Biriyani,Action,5.7,Venkat Prabhu,Karthi,"1,272",2013,148,A drive on the highway lands two friends in serious trouble.
293,Ivan Veramaathiri,Action,6.0,M. Saravanan,Vikram Prabhu,290,2013,150,A young vigilante takes on a rowdy and suffers the consequences.
294,Kalyana Samayal Saadham,Comedy,7.1,R.S. Prasanna,Prasanna,,2013,115,An arranged marriage is interrupted by a rather personal problem.
295,Vidiyum Munn,Thriller,7.3,See full summary,Balaji K. Kumar,,2013,129,"It's about Four Formidable Men, who, for Three Different Reasons are chasing after Two Women in One Day. Who are these men? How are they connected to each other? What are their reasons to ...                See full summaryÂ Â»"
296,Irandam Ulagam,Action,5.7,K. Selvaraghavan,Arya,"1,101",2013,158,Two parallel love stories on two planets.
297,Pandiya Naadu,Action,7.2,Suseenthiran,Vishal,"1,168",2013,144,A man goes against a mafia gang to avenge his brother's death.
298,Arrambam,Action,7.0,Vishnuvardhan,Ajith Kumar,"8,415",2013,157,A mysterious man along with a young computer hacker tries to unveil a major government conspiracy which resulted in several bloody deaths.
299,Onaayum Aattukkuttiyum,Action,8.2,Myshkin,Myshkin,"2,181",2013,141,"A kid saves a dangerous dying fugitive and triggers off a chase between the hunter and the hunted and soon, the definitions blur."
300,Raja Rani,Comedy,7.6,Atlee Kumar,Arya,"4,088",2013,160,"John and Regina, who dislike each other, are forced to get married and lead troubled lives. However, things take a turn when the couple suffers a sudden tragedy."
301,6 Candles,Thriller,7.0,V.Z. Dhorai,Sandra Amy,,2013,129,A father travels across six states to try and solve the mystery of his son's disappearance.
302,Moodar Koodam,Comedy,7.7,See full summary,Naveen,"1,081",2013,131,"Four penniless, down-and-out youngsters plan to rob the house of a wealthy businessman believing that the family is out on a pilgrimage. But when they break into the house, nothing goes as ...                See full summaryÂ Â»"
303,Varuthapadatha Valibar Sangam,Comedy,6.7,Ponram,Sivakarthikeyan,"1,352",2013,160,An aimless youth falls for a girl with a trigger-happy father.
304,Thanga Meengal,Drama,7.9,Ram,Ram,791,2013,140,"A poor man wants his daughter to be happy, no matter what comes through."
305,Aadhalal Kadhal Seiveer,Romance,7.2,Suseenthiran,Santhosh Ramesh,,2013,106,"A love affair begins harmless, but it later turns out to be a huge problem for the pair."
306,Ainthu Ainthu Ainthu,Action,5.6,See full summary,Sasi,326,2013,147,"Aravind (Bharath) loses his girl friend Liyana (Mirthika) in a car accident and he lives with her memories. But, people around him try to make him believe that he is just hallucinating and ...                See full summaryÂ Â»"
307,Maryan,Adventure,7.1,Ganapathy Bharat,Dhanush,"2,761",2013,150,A contract worker in Sudan is abducted by mercenaries and his lover in India awaits his return.
308,Singam 2,Action,6.3,Hari,Suriya,"5,369",2013,166,Tough cop Durai Singam performs an undercover operation and identifies some nefarious activities in the seas around the coastal town.
309,Theeya Velai Seiyyanum Kumaru,Comedy,6.1,Sundar C.,Siddharth,"1,320",2013,130,"A shy, introvert tries to impress a girl with the help of a love guru."
310,Neram,Action,7.5,Alphonse Puthren,Nivin Pauly,"4,292",2013,117,Can a young man escape from the clutches of a loan shark on time?
311,Soodhu Kavvum,Comedy,8.3,Nalan Kumarasamy,Vijay Sethupathi,"8,307",2013,135,"Das, with his team, kidnap Arumai, son of a politician, who has been planning his own kidnapping to extract money from his father. Problems arise, when an insane cop is brought to handle the case."
312,Ethir Neechal,Comedy,6.8,R.S. Durai Senthilkumar,Sivakarthikeyan,"1,747",2013,129,A young man opts to run a marathon to prove himself.
313,Kedi Billa Killadi Ranga,Comedy,5.5,Pandiraj,Vimal,578,2013,135,"The story of two loafing friends, who want to enter politics."
314,Paradesi,Drama,8.0,Bala,Atharvaa Murali,"1,644",2013,126,Before independence during the 1940's depicts the lives of poor carefree villagers who are lured to work in Tea plantation farms and how they are forced to live rest of their lives as slaves with no traces of hope and freedom.
315,Haridas,Drama,7.1,See full summary,Kumaravelan,,2013,146,Sivadas (Kishore) is tough-talking encounter specialist in the police department. He has a mission to pin down a gangster and mercenary and is hot on his trail. But life changes for the ...                See full summaryÂ Â»
316,Aarohanam,Drama,6.7,See full summary,Lakshmi Ramakrishnan,,2012,90,"Every cloud has a silver lining and Aarohanam showcases the brighter side of a mental disorder, along with all the trials and turbulence of such a life. In an age where the morbidity of ...                See full summaryÂ Â»"
317,Kumki,Drama,7.0,Prabu Solomon,Vikram Prabhu,"1,231",2012,148,The love between a mahout and an elephant.
318,Neethaane En Ponvasantham,Romance,6.5,Gautham Vasudev Menon,Jiiva,"1,500",2012,153,The story revolves through three different life stages of Varun and Nithya's life.
319,Naduvula Konjam Pakkatha Kaanom,Comedy,8.2,Balaji Tharaneetharan,Vijay Sethupathi,"4,530",2012,162,"A young man forgets a few years of his life, even as he is about to get married."
320,Thuppakki,Action,7.9,A.R. Murugadoss,Joseph Vijay,"22,577",2012,165,An army captain is on a mission to track down and destroy a terrorist gang and deactivate the sleeper cells under its command.
321,Pizza,Horror,8.0,Karthik Subbaraj,Vijay Sethupathi,"6,528",2012,127,A pizza delivery boy lands in a mysterious circumstance and it works a dramatic change in his life.
322,Naan,Crime,7.5,Jeeva Shankar,Vijay Antony,"1,365",2012,135,A hopeless orphan impersonates his dead co-passenger for his educational purpose and gets into trouble.
323,The Fly,Action,7.7,S.S. Rajamouli,J.V.V. Sathyanarayana,"20,590",2012,145,A murdered man is reincarnated as a housefly and seeks to avenge his death.
324,Kalakalappu,Comedy,6.9,Sundar C.,Vimal,"1,019",2012,135,"When seenu loses the girl he loves , Raghu loses seenu's hotel in a card game. Now seenu must get back his girl and his hotel while 10 diamonds make the situation more complicated."
325,Vazhakku Enn 18/9,Crime,8.3,Balaji Sakthivel,Sri,"1,915",2012,124,A girl gets in trouble when her boyfriend films her private moments on his mobile phone without her knowledge.
326,Mouna Guru,Action,7.7,Santha Kumar,Arulnithi,746,2011,153,A young man's life undergoes a world of change when he has to face a few corrupt police officials.
327,7 Aum Arivu,Action,6.2,A.R. Murugadoss,Suriya,"9,479",2011,160,A genetic engineering student tries to bring back the skills of a legend of the past and use his skills to save India from a deadly virus attack by China.
328,Vaagai Sooda Vaa,Comedy,8.0,A. Sarkunam,Vimal,,2011,123,"Vimal was sent by his father to do social service in a village. But later, he gets a good job."
329,Mankatha,Action,7.6,Venkat Prabhu,Ajith Kumar,"12,276",2011,155,A game of chase and get chased ensues after a suspended cop is betrayed by two men who helped him and another officer rob cricket betting money.
330,Kanchana: Muni 2,Comedy,6.5,Lawrence Raghavendra,Lawrence Raghavendra,"1,044",2011,160,All hell breaks loose when Raghava is possessed by an evil spirit.
331,Deiva Thirumagal,Drama,8.1,A.L. Vijay,Vikram,,2011,162,"A man with disabilities fights for custody of his 7-year-old daughter, and in the process teaches his opponent lawyer the value of love and family."
332,Vaanam,Action,7.2,Radha Krishna Jagarlamudi,T.R. Silambarasan,"1,307",2011,140,"There are 5 stories in this movie, which joins together in the climax."
333,Ko,Action,7.8,K.V. Anand,Jiiva,"4,759",2011,128,"Ashwin, a photojournalist, finds out that his classmate and a famous politician, Vasanthan, has links with the Naxalites. Will he manage to expose Vasanthan's treacherous motive as a politician?"
334,Payanam,Action,7.3,Radha Mohan,Nagarjuna Akkineni,677,2011,115,"The movie deals with the stance of the government officials on such a serious issue and how a belated decision will make a situation worse, in an already edgy circumstance."
335,Yutham Sei,Crime,8.0,Myshkin,Cheran,"1,678",2011,160,A common man's ability to defeat the devil. A cop identifies the mystery and solves the problem.
336,Aadukalam,Action,8.1,Vetrimaaran,Dhanush,"4,456",2011,160,"In a village in South India, rearing roosters, maintaining them and using them for fights are a way of life and a matter of honor and lifeline to many people."
337,Aaranya Kaandam,Action,8.6,Thiagarajan Kumararaja,Sampath Raj,"3,339",2010,126,A mob boss must deal with a disgruntled mistress and a vanishing bag of cocaine.
